Symbol,Company Name,Industry
20MICRONS,20 Microns Limited,Unknown
21STCENMGM,21st Century Management Services Limited,Unknown
360ONE,360 ONE WAM LIMITED,Unknown
3BBLACKBIO,3B Blackbio Dx Limited,Unknown
3IINFOLTD,3i Infotech Limited,Unknown
3MINDIA,3M India Limited,Unknown
3PLAND,3P Land Holdings Limited,Unknown
5PAISA,5Paisa Capital Limited,Unknown
63MOONS,63 moons technologies limited,Unknown
A2ZINFRA,A2Z Infra Engineering Limited,Unknown
AAATECH,AAA Technologies Limited,Unknown
AADHARHFC,Aadhar Housing Finance Limited,Unknown
AAKASH,Aakash Exploration Services Limited,Unknown
AARNAV,Aarnav Fashions Limited,Unknown
AARON,Aaron Industries Limited,Unknown
AARTECH,Aartech Solonics Limited,Unknown
AARTIDRUGS,Aarti Drugs Limited,Unknown
AARTIIND,Aarti Industries Limited,Unknown
AARTIPHARM,Aarti Pharmalabs Limited,Unknown
AARTISURF,Aarti Surfactants Limited,Unknown
AARVI,Aarvi Encon Limited,Unknown
AAVAS,Aavas Financiers Limited,Unknown
ABB,ABB India Limited,Unknown
ABBOTINDIA,Abbott India Limited,Unknown
ABCAPITAL,Aditya Birla Capital Limited,Unknown
ABCOTS,A B Cotspin India Limited,Unknown
ABDL,Allied Blenders and Distillers Limited,Unknown
ABFRL,Aditya Birla Fashion and Retail Limited,Unknown
ABINFRA,A B Infrabuild Limited,Unknown
ABLBL,Aditya Birla Lifestyle Brands Limited,Unknown
ABMINTLLTD,ABM International Limited,Unknown
ABMKNO,ABM Knowledgeware Limited,Unknown
ABREL,Aditya Birla Real Estate Limited,Unknown
ABSLAMC,Aditya Birla Sun Life AMC Limited,Unknown
ACC,ACC Limited,Unknown
ACCELYA,Accelya Solutions India Limited,Unknown
ACCURACY,Accuracy Shipping Limited,Unknown
ACE,Action Construction Equipment Limited,Unknown
ACEINTEG,Ace Integrated Solutions Limited,Unknown
ACI,Archean Chemical Industries Limited,Unknown
ACL,Andhra Cements Limited,Unknown
ACMESOLAR,Acme Solar Holdings Limited,Unknown
ACSTECH,ACS Technologies Limited,Unknown
ACUTAAS,Acutaas Chemicals Limited,Unknown
ADANIENSOL,Adani Energy Solutions Limited,Unknown
ADANIENT,Adani Enterprises Limited,Unknown
ADANIGREEN,Adani Green Energy Limited,Unknown
ADANIPORTS,Adani Ports and Special Economic Zone Limited,Unknown
ADANIPOWER,Adani Power Limited,Unknown
ADFFOODS,ADF Foods Limited,Unknown
ADL,Archidply Decor Limited,Unknown
ADOR,Ador Welding Limited,Unknown
ADROITINFO,Adroit Infotech Limited,Unknown
ADSL,Allied Digital Services Limited,Unknown
ADVAIT,Advait Energy Transitions Limited,Unknown
ADVANCE,Advance Agrolife Limited,Unknown
ADVANIHOTR,Advani Hotels & Resorts (India) Limited,Unknown
ADVENTHTL,Advent Hotels International Limited,Unknown
ADVENZYMES,Advanced Enzyme Technologies Limited,Unknown
AEGISLOG,Aegis Logistics Limited,Unknown
AEGISVOPAK,Aegis Vopak Terminals Limited,Unknown
AEPL,Artemis Electricals and Projects Limited,Unknown
AEQUS,Aequs Limited,Unknown
AEROENTER,Aeroflex Enterprises Limited,Unknown
AEROFLEX,Aeroflex Industries Limited,Unknown
AERONEU,Aeroflex Neu Limited,Unknown
AETHER,Aether Industries Limited,Unknown
AFCONS,Afcons Infrastructure Limited,Unknown
AFFLE,Affle 3i Limited,Unknown
AFSL,Abans Financial Services Limited,Unknown
AGARIND,Agarwal Industrial Corporation Limited,Unknown
AGARWALEYE,Dr. Agarwal's Health Care Limited,Unknown
AGI,AGI Greenpac Limited,Unknown
AGIIL,Agi Infra Limited,Unknown
AGROPHOS,Agro Phos India Limited,Unknown
AHCL,Anlon Healthcare Limited,Unknown
AHLADA,Ahlada Engineers Limited,Unknown
AHLEAST,Asian Hotels (East) Limited,Unknown
AHLUCONT,Ahluwalia Contracts (India) Limited,Unknown
AIAENG,AIA Engineering Limited,Unknown
AIIL,Authum Investment & Infrastructure Limited,Unknown
AIRAN,Airan Limited,Unknown
AIROLAM,Airo Lam limited,Unknown
AJANTPHARM,Ajanta Pharma Limited,Unknown
AJAXENGG,Ajax Engineering Limited,Unknown
AJMERA,Ajmera Realty & Infra India Limited,Unknown
AJOONI,Ajooni Biotech Limited,Unknown
AKASH,Akash Infra-Projects Limited,Unknown
AKCAPIT,AK Capital Services Limited,Unknown
AKG,Akg Exim Limited,Unknown
AKI,AKI India Limited,Unknown
AKSHAR,Akshar Spintex Limited,Unknown
AKSHARCHEM,AksharChem India Limited,Unknown
AKUMS,Akums Drugs and Pharmaceuticals Limited,Unknown
ALANKIT,Alankit Limited,Unknown
ALBERTDAVD,Albert David Limited,Unknown
ALEMBICLTD,Alembic Limited,Unknown
ALGOQUANT,Algoquant Fintech Limited,Unknown
ALICON,Alicon Castalloy Limited,Unknown
ALIVUS,Alivus Life Sciences Limited,Unknown
ALKEM,Alkem Laboratories Limited,Unknown
ALKYLAMINE,Alkyl Amines Chemicals Limited,Unknown
ALLCARGO,Allcargo Logistics Limited,Unknown
ALLDIGI,Alldigi Tech Limited,Unknown
ALLTIME,All Time Plastics Limited,Unknown
ALMONDZ,Almondz Global Securities Limited,Unknown
ALOKINDS,Alok Industries Limited,Unknown
ALPA,Alpa Laboratories Limited,Unknown
ALPHAGEO,Alphageo (India) Limited,Unknown
AMAGI,Amagi Media Labs Limited,Unknown
AMBALALSA,Ambalal Sarabhai Enterprises Limited,Unknown
AMBER,Amber Enterprises India Limited,Unknown
AMBICAAGAR,Ambica Agarbathies & Aroma industries Limited,Unknown
AMBIKCO,Ambika Cotton Mills Limited,Unknown
AMBUJACEM,Ambuja Cements Limited,Unknown
AMDIND,AMD Industries Limited,Unknown
AMIRCHAND,Amir Chand Jagdish Kumar (Exports) Limited,Unknown
AMJLAND,Amj Land Holdings Limited,Unknown
AMNPLST,Amines & Plasticizers Limited,Unknown
AMRUTANJAN,Amrutanjan Health Care Limited,Unknown
ANANDRATHI,Anand Rathi Wealth Limited,Unknown
ANANTRAJ,Anant Raj Limited,Unknown
ANDHRAPAP,ANDHRA PAPER LIMITED,Unknown
ANDHRSUGAR,The Andhra Sugars Limited,Unknown
ANGELONE,Angel One Limited,Unknown
ANMOL,Anmol India Limited,Unknown
ANTELOPUS,Antelopus Selan Energy Limited,Unknown
ANTGRAPHIC,Antarctica Limited,Unknown
ANTHEM,Anthem Biosciences Limited,Unknown
ANUHPHR,Anuh Pharma Limited,Unknown
ANUP,The Anup Engineering Limited,Unknown
ANURAS,Anupam Rasayan India Limited,Unknown
APARINDS,Apar Industries Limited,Unknown
APCL,Anjani Portland Cement Limited,Unknown
APCOTEXIND,Apcotex Industries Limited,Unknown
APEX,Apex Frozen Foods Limited,Unknown
APLAPOLLO,APL Apollo Tubes Limited,Unknown
APLLTD,Alembic Pharmaceuticals Limited,Unknown
APOLLO,Apollo Micro Systems Limited,Unknown
APOLLOHOSP,Apollo Hospitals Enterprise Limited,Unknown
APOLLOPIPE,Apollo Pipes Limited,Unknown
APOLLOTYRE,Apollo Tyres Limited,Unknown
APOLSINHOT,Apollo Sindoori Hotels Limited,Unknown
APTUS,Aptus Value Housing Finance India Limited,Unknown
AQYLON,Aqylon Nexus Limited,Unknown
ARCHIDPLY,Archidply Industries Limited,Unknown
ARCHIES,Archies Limited,Unknown
ARE&M,Amara Raja Energy & Mobility Limited,Unknown
ARENTERP,Rajdarshan Industries Limited,Unknown
ARFIN,Arfin India Limited,Unknown
ARIES,Aries Agro Limited,Unknown
ARIHANT,Arihant Foundations & Housing Limited,Unknown
ARIHANTCAP,Arihant Capital Markets Limited,Unknown
ARIHANTSUP,Arihant Superstructures Limited,Unknown
ARIS,Arisinfra Solutions Limited,Unknown
ARKADE,Arkade Developers Limited,Unknown
ARMANFIN,Arman Financial Services Limited,Unknown
AROGRANITE,Aro Granite Industries Limited,Unknown
ARSSBL,Anand Rathi Share and Stock Brokers Limited,Unknown
ARTEMISMED,Artemis Medicare Services Limited,Unknown
ARTNIRMAN,Art Nirman Limited,Unknown
ARVEE,Arvee Laboratories (India) Limited,Unknown
ARVIND,Arvind Limited,Unknown
ARVINDFASN,Arvind Fashions Limited,Unknown
ARVSMART,Arvind SmartSpaces Limited,Unknown
ASAHIINDIA,Asahi India Glass Limited,Unknown
ASAHISONG,Asahi Songwon Colors Limited,Unknown
ASAL,Automotive Stampings and Assemblies Limited,Unknown
ASALCBR,Associated Alcohols & Breweries Ltd.,Unknown
ASHAPURMIN,Ashapura Minechem Limited,Unknown
ASHIANA,Ashiana Housing Limited,Unknown
ASHIKA,Ashika Credit Capital Limited,Unknown
ASHIMASYN,Ashima Limited,Unknown
ASHOKA,Ashoka Buildcon Limited,Unknown
ASHOKAMET,Ashoka Metcast Limited,Unknown
ASHOKLEY,Ashok Leyland Limited,Unknown
ASIANENE,Asian Energy Services Limited,Unknown
ASIANHOTNR,Asian Hotels (North) Limited,Unknown
ASIANPAINT,Asian Paints Limited,Unknown
ASIANTILES,Asian Granito India Limited,Unknown
ASKAUTOLTD,ASK Automotive Limited,Unknown
ASPINWALL,Aspinwall and Company Limited,Unknown
ASTAR,Asian Star Company Limited,Unknown
ASTEC,Astec LifeSciences Limited,Unknown
ASTERDM,Aster DM Healthcare Limited,Unknown
ASTRAL,Astral Limited,Unknown
ASTRAMICRO,Astra Microwave Products Limited,Unknown
ASTRAZEN,AstraZeneca Pharma India Limited,Unknown
ATALREAL,Atal Realtech Limited,Unknown
ATAM,Atam Valves Limited,Unknown
ATGL,Adani Total Gas Limited,Unknown
ATHERENERG,Ather Energy Limited,Unknown
ATL,Allcargo Terminals Limited,Unknown
ATLANTAA,ATLANTAA LIMITED,Unknown
ATLASCYCLE,Atlas Cycles (Haryana) Limited,Unknown
ATUL,Atul Limited,Unknown
ATULAUTO,Atul Auto Limited,Unknown
AUBANK,AU Small Finance Bank Limited,Unknown
AURIGROW,Auri Grow India Limited,Unknown
AURIONPRO,Aurionpro Solutions Limited,Unknown
AUROPHARMA,Aurobindo Pharma Limited,Unknown
AURUM,Aurum PropTech Limited,Unknown
AUTOAXLES,Automotive Axles Limited,Unknown
AVALON,Avalon Technologies Limited,Unknown
AVANTEL,Avantel Limited,Unknown
AVANTIFEED,Avanti Feeds Limited,Unknown
AVG,AVG Logistics Limited,Unknown
AVL,Aditya Vision Limited,Unknown
AVONMORE,Avonmore Capital & Management Services Limited,Unknown
AVROIND,AVRO INDIA LIMITED,Unknown
AVTNPL,AVT Natural Products Limited,Unknown
AWFIS,Awfis Space Solutions Limited,Unknown
AWHCL,Antony Waste Handling Cell Limited,Unknown
AWL,AWL Agri Business Limited,Unknown
AXISBANK,Axis Bank Limited,Unknown
AXISCADES,AXISCADES Technologies Limited,Unknown
AXITA,Axita Cotton Limited,Unknown
AYE,Aye Finance Limited,Unknown
AYMSYNTEX,AYM Syntex Limited,Unknown
AZAD,Azad Engineering Limited,Unknown
BAGFILMS,B.A.G Films and Media Limited,Unknown
BAIDFIN,Baid Finserv Limited,Unknown
BAJAJ-AUTO,Bajaj Auto Limited,Unknown
BAJAJCON,Bajaj Consumer Care Limited,Unknown
BAJAJELEC,Bajaj Electricals Limited,Unknown
BAJAJFINSV,Bajaj Finserv Limited,Unknown
BAJAJHCARE,Bajaj Healthcare Limited,Unknown
BAJAJHFL,Bajaj Housing Finance Limited,Unknown
BAJAJHIND,Bajaj Hindusthan Sugar Limited,Unknown
BAJAJHLDNG,Bajaj Holdings & Investment Limited,Unknown
BAJAJINDEF,Indef Manufacturing Limited,Unknown
BAJAJST,Bajaj Steel Industries Limited,Unknown
BAJEL,Bajel Projects Limited,Unknown
BAJFINANCE,Bajaj Finance Limited,Unknown
BALAJEE,Shree Tirupati Balajee Agro Trading Company Limited,Unknown
BALAJITELE,Balaji Telefilms Limited,Unknown
BALAMINES,Balaji Amines Limited,Unknown
BALKRISHNA,Balkrishna Paper Mills Limited,Unknown
BALKRISIND,Balkrishna Industries Limited,Unknown
BALMLAWRIE,Balmer Lawrie & Company Limited,Unknown
BALPHARMA,Bal Pharma Limited,Unknown
BALRAMCHIN,Balrampur Chini Mills Limited,Unknown
BALUFORGE,Balu Forge Industries Limited,Unknown
BANARBEADS,Banaras Beads Limited,Unknown
BANARISUG,Bannari Amman Sugars Limited,Unknown
BANCOINDIA,Banco Products (I) Limited,Unknown
BANDHANBNK,Bandhan Bank Limited,Unknown
BANG,Bang Overseas Limited,Unknown
BANKBARODA,Bank of Baroda,Unknown
BANKINDIA,Bank of India,Unknown
BANSALWIRE,Bansal Wire Industries Limited,Unknown
BANSWRAS,Banswara Syntex Limited,Unknown
BASF,BASF India Limited,Unknown
BASML,Bannari Amman Spinning Mills Limited,Unknown
BATAINDIA,Bata India Limited,Unknown
BATLIBOI,Batliboi Limited,Unknown
BAYERCROP,Bayer Cropscience Limited,Unknown
BBL,Bharat Bijlee Limited,Unknown
BBOX,Black Box Limited,Unknown
BBTC,The Bombay Burmah Trading Corporation Limited,Unknown
BBTCL,B&B Triplewall Containers Limited,Unknown
BCG,Brightcom Group Limited,Unknown
BCLIND,Bcl Industries Limited,Unknown
BCONCEPTS,Brand Concepts Limited,Unknown
BCPL,BCPL Railway Infrastructure Limited,Unknown
BDL,Bharat Dynamics Limited,Unknown
BEARDSELL,Beardsell Limited,Unknown
BECTORFOOD,Mrs. Bectors Food Specialities Limited,Unknown
BEDMUTHA,Bedmutha Industries Limited,Unknown
BEEKAY,Beekay Steel Industries Limited,Unknown
BEL,Bharat Electronics Limited,Unknown
BELLACASA,Bella Casa Fashion & Retail Limited,Unknown
BELRISE,Belrise Industries Limited,Unknown
BEML,BEML Limited,Unknown
BENGALASM,Bengal & Assam Company Limited,Unknown
BEPL,Bhansali Engineering Polymers Limited,Unknown
BERGEPAINT,Berger Paints (I) Limited,Unknown
BESTAGRO,Best Agrolife Limited,Unknown
BETA,Beta Drugs Limited,Unknown
BFINVEST,BF Investment Limited,Unknown
BFUTILITIE,BF Utilities Limited,Unknown
BHAGCHEM,Bhagiradha Chemicals & Industries Limited,Unknown
BHARATCOAL,Bharat Coking Coal Limited,Unknown
BHARATFORG,Bharat Forge Limited,Unknown
BHARATGEAR,Bharat Gears Limited,Unknown
BHARATRAS,Bharat Rasayan Limited,Unknown
BHARATSE,Bharat Seats Limited,Unknown
BHARATWIRE,Bharat Wire Ropes Limited,Unknown
BHARTIARTL,Bharti Airtel Limited,Unknown
BHARTIHEXA,Bharti Hexacom Limited,Unknown
BHEL,Bharat Heavy Electricals Limited,Unknown
BI,Bilcare Limited,Unknown
BIGBLOC,Bigbloc Construction Limited,Unknown
BIKAJI,Bikaji Foods International Limited,Unknown
BIL,Bhartiya International Limited,Unknown
BIMETAL,Bimetal Bearings Limited,Unknown
BIOCON,Biocon Limited,Unknown
BIOFILCHEM,Biofil Chemicals & Pharmaceuticals Limited,Unknown
BIRLACORPN,Birla Corporation Limited,Unknown
BIRLAMONEY,Aditya Birla Money Limited,Unknown
BIRLANU,BirlaNu Limited,Unknown
BIRLAPREC,Birla Precision Technologies Limited,Unknown
BLACKBUCK,BLACKBUCK LIMITED,Unknown
BLACKROSE,Black Rose Inds. Limited,Unknown
BLAL,BEML Land Assets Limited,Unknown
BLBLIMITED,BLB Limited,Unknown
BLIL,Balmer Lawrie Investments Limited,Unknown
BLISSGVS,Bliss GVS Pharma Limited,Unknown
BLKASHYAP,B. L. Kashyap and Sons Limited,Unknown
BLS,BLS International Services Limited,Unknown
BLSE,BLS E-Services Limited,Unknown
BLUEDART,Blue Dart Express Limited,Unknown
BLUEJET,Blue Jet Healthcare Limited,Unknown
BLUESTARCO,Blue Star Limited,Unknown
BLUESTONE,BlueStone Jewellery and Lifestyle Limited,Unknown
BLUSPRING,Bluspring Enterprises Limited,Unknown
BMWVENTLTD,BMW Ventures Limited,Unknown
BNALTD,B & A Limited,Unknown
BOHRAIND,Bohra Industries Limited,Unknown
BOMDYEING,Bombay Dyeing & Mfg Company Limited,Unknown
BONLON,Bonlon Industries Limited,Unknown
BORANA,Borana Weaves Limited,Unknown
BOROLTD,Borosil Limited,Unknown
BORORENEW,BOROSIL RENEWABLES LIMITED,Unknown
BOROSCI,Borosil Scientific Limited,Unknown
BOSCH-HCIL,BOSCH HOME COMFORT INDIA LIMITED,Unknown
BOSCHLTD,Bosch Limited,Unknown
BPCL,Bharat Petroleum Corporation Limited,Unknown
BPL,BPL Limited,Unknown
BRIGADE,Brigade Enterprises Limited,Unknown
BRIGHOTEL,Brigade Hotel Ventures Limited,Unknown
BRITANNIA,Britannia Industries Limited,Unknown
BRNL,Bharat Road Network Limited,Unknown
BSE,BSE Limited,Unknown
BSL,BSL Limited,Unknown
BSOFT,BIRLASOFT LIMITED,Unknown
BTML,Bodhi Tree Multimedia Limited,Unknown
BTTL,Bhilwara Technical Textiles Limited,Unknown
BUILDPRO,Shankara Buildpro Limited,Unknown
BUTTERFLY,Butterfly Gandhimathi Appliances Limited,Unknown
BVCL,Barak Valley Cements Limited,Unknown
CAMLINFINE,Camlin Fine Sciences Limited,Unknown
CAMPUS,Campus Activewear Limited,Unknown
CAMS,Computer Age Management Services Limited,Unknown
CANBK,Canara Bank,Unknown
CANFINHOME,Can Fin Homes Limited,Unknown
CANHLIFE,Canara HSBC Life Insurance Company Limited,Unknown
CANTABIL,Cantabil Retail India Limited,Unknown
CAPACITE,Capacit'e Infraprojects Limited,Unknown
CAPILLARY,Capillary Technologies India Limited,Unknown
CAPITALSFB,Capital Small Finance Bank Limited,Unknown
CAPLIPOINT,Caplin Point Laboratories Limited,Unknown
CARBORUNIV,Carborundum Universal Limited,Unknown
CARERATING,CARE Ratings Limited,Unknown
CARRARO,Carraro India Limited,Unknown
CARTRADE,Cartrade Tech Limited,Unknown
CARYSIL,CARYSIL LIMITED,Unknown
CASTROLIND,Castrol India Limited,Unknown
CCAVENUE,AvenuesAI Limited,Unknown
CCCL,Consolidated Construction Consortium Limited,Unknown
CCHHL,Country Club Hospitality & Holidays Limited,Unknown
CCL,CCL Products (India) Limited,Unknown
CDSL,Central Depository Services (India) Limited,Unknown
CEATLTD,CEAT Limited,Unknown
CEIGALL,Ceigall India Limited,Unknown
CEINSYS,Ceinsys Tech Limited,Unknown
CELEBRITY,Celebrity Fashions Limited,Unknown
CELLO,Cello World Limited,Unknown
CEMPRO,Cemindia Projects Limited,Unknown
CENTENKA,Century Enka Limited,Unknown
CENTEXT,Century Extrusions Limited,Unknown
CENTRALBK,Central Bank of India,Unknown
CENTRUM,Centrum Capital Limited,Unknown
CENTUM,Centum Electronics Limited,Unknown
CENTURYPLY,Century Plyboards (India) Limited,Unknown
CERA,Cera Sanitaryware Limited,Unknown
CESC,CESC Limited,Unknown
CEWATER,Concord Enviro Systems Limited,Unknown
CGCL,Capri Global Capital Limited,Unknown
CGPOWER,CG Power and Industrial Solutions Limited,Unknown
CHALET,Chalet Hotels Limited,Unknown
CHAMBLFERT,Chambal Fertilizers & Chemicals Limited,Unknown
CHEMCON,Chemcon Speciality Chemicals Limited,Unknown
CHEMPLASTS,Chemplast Sanmar Limited,Unknown
CHENNPETRO,Chennai Petroleum Corporation Limited,Unknown
CHEVIOT,Cheviot Company Limited,Unknown
CHOICEIN,Choice International Limited,Unknown
CHOLAFIN,Cholamandalam Investment and Finance Company Limited,Unknown
CHOLAHLDNG,Cholamandalam Financial Holdings Limited,Unknown
CIEINDIA,CIE Automotive India Limited,Unknown
CIFL,Capital India Finance Limited,Unknown
CINELINE,Cineline India Limited,Unknown
CINEVISTA,Cinevista Limited,Unknown
CIPLA,Cipla Limited,Unknown
CLEAN,Clean Science and Technology Limited,Unknown
CLEANMAX,Clean Max Enviro Energy Solutions Limited,Unknown
CLSEL,Chaman Lal Setia Exports Limited,Unknown
CMPDI,Central Mine Planning & Design Institute Limited,Unknown
CMRGREEN,CMR Green Technologies Limited,Unknown
CMSINFO,CMS Info Systems Limited,Unknown
CNL,Creative Newtech Limited,Unknown
COALINDIA,Coal India Limited,Unknown
COASTCORP,Coastal Corporation Limited,Unknown
COCHINSHIP,Cochin Shipyard Limited,Unknown
COCKERILL,John Cockerill India Limited,Unknown
COFORGE,Coforge Limited,Unknown
COHANCE,Cohance Lifesciences Limited,Unknown
COLPAL,Colgate Palmolive (India) Limited,Unknown
COMFINTE,Comfort Intech Limited,Unknown
COMPUSOFT,Compucom Software Limited,Unknown
COMSYN,Commercial Syn Bags Limited,Unknown
CONCOR,Container Corporation of India Limited,Unknown
CONCORDBIO,Concord Biotech Limited,Unknown
CONFIPET,Confidence Petroleum India Limited,Unknown
CONSOFINVT,Consolidated Finvest & Holdings Limited,Unknown
CONTROLPR,Control Print Limited,Unknown
CORALFINAC,Coral India Finance & Housing Limited,Unknown
COROMANDEL,Coromandel International Limited,Unknown
CORONA,CORONA Remedies Limited,Unknown
COSMOFIRST,COSMO FIRST LIMITED,Unknown
COUNCODOS,Country Condo's Limited,Unknown
CPEDU,Career Point Edutech Limited,Unknown
CPPLUS,Aditya Infotech Limited,Unknown
CRAFTSMAN,Craftsman Automation Limited,Unknown
CRAMC,Canara Robeco Asset Management Company Limited,Unknown
CREATIVEYE,Creative Eye Limited,Unknown
CREDITACC,CREDITACCESS GRAMEEN LIMITED,Unknown
CREST,Crest Ventures Limited,Unknown
CRISIL,Crisil Limited,Unknown
CRIZAC,Crizac Limited,Unknown
CROMPTON,Crompton Greaves Consumer Electricals Limited,Unknown
CROWN,Crown Lifters Limited,Unknown
CSBBANK,CSB Bank Limited,Unknown
CSLFINANCE,CSL Finance Limited,Unknown
CTE,Cambridge Technology Enterprises Limited,Unknown
CUB,City Union Bank Limited,Unknown
CUBEXTUB,Cubex Tubings Limited,Unknown
CUMMINSIND,Cummins India Limited,Unknown
CUPID,Cupid Limited,Unknown
CURAA,Cura Technologies Limited,Unknown
CYBERTECH,Cybertech Systems And Software Limited,Unknown
CYIENT,Cyient Limited,Unknown
CYIENTDLM,Cyient DLM Limited,Unknown
DABUR,Dabur India Limited,Unknown
DAICHI,Dai-Ichi Karkaria Limited,Unknown
DALBHARAT,Dalmia Bharat Limited,Unknown
DALMIASUG,Dalmia Bharat Sugar and Industries Limited,Unknown
DAMCAPITAL,Dam Capital Advisors Limited,Unknown
DAMODARIND,Damodar Industries Limited,Unknown
DANGEE,Dangee Dums Limited,Unknown
DATAMATICS,Datamatics Global Services Limited,Unknown
DATAPATTNS,Data Patterns (India) Limited,Unknown
DAVANGERE,Davangere Sugar Company Limited,Unknown
DBCORP,D.B.Corp Limited,Unknown
DBL,Dilip Buildcon Limited,Unknown
DBSTOCKBRO,DB (International) Stock Brokers Limited,Unknown
DCAL,Dishman Carbogen Amcis Limited,Unknown
DCBBANK,DCB Bank Limited,Unknown
DCMSHRIRAM,DCM Shriram Limited,Unknown
DCMSRIND,DCM Shriram Industries Limited,Unknown
DCW,DCW Limited,Unknown
DCXINDIA,DCX Systems Limited,Unknown
DDEVPLSTIK,Ddev Plastiks Industries Limited,Unknown
DECCANCE,Deccan Cements Limited,Unknown
DECNGOLD,Deccan Gold Mines Limited,Unknown
DEEPAKFERT,Deepak Fertilizers and Petrochemicals Corporation Limited,Unknown
DEEPAKNTR,Deepak Nitrite Limited,Unknown
DEEPINDS,Deep Industries Limited,Unknown
DELHIVERY,Delhivery Limited,Unknown
DELPHIFX,DELPHI WORLD MONEY LIMITED,Unknown
DELTACORP,Delta Corp Limited,Unknown
DELTAMAGNT,Delta Manufacturing Limited,Unknown
DEN,Den Networks Limited,Unknown
DENORA,De Nora India Limited,Unknown
DENTA,Denta Water and Infra Solutions Limited,Unknown
DEVIT,Dev Information Technology Limited,Unknown
DEVX,Dev Accelerator Limited,Unknown
DEVYANI,Devyani International Limited,Unknown
DGCONTENT,Digicontent Limited,Unknown
DHAMPURSUG,Dhampur Sugar Mills Limited,Unknown
DHANBANK,Dhanlaxmi Bank Limited,Unknown
DHANUKA,Dhanuka Agritech Limited,Unknown
DHARMAJ,Dharmaj Crop Guard Limited,Unknown
DHUNINV,Dhunseri Investments Limited,Unknown
DIACABS,Diamond Power Infrastructure Limited,Unknown
DIAMINESQ,Diamines & Chemicals Limited,Unknown
DIAMONDYD,Prataap Snacks Limited,Unknown
DICIND,DIC India Limited,Unknown
DIFFNKG,Diffusion Engineers Limited,Unknown
DIGIDRIVE,Digidrive Distributors Limited,Unknown
DIGITIDE,Digitide Solutions Limited,Unknown
DIGJAMLMTD,Digjam Limited,Unknown
DISAQ,Disa India Limited,Unknown
DIVGIITTS,Divgi Torqtransfer Systems Limited,Unknown
DIVISLAB,Divi's Laboratories Limited,Unknown
DIXON,Dixon Technologies (India) Limited,Unknown
DJML,DJ Mediaprint & Logistics Limited,Unknown
DLF,DLF Limited,Unknown
DLINKINDIA,D-Link (India) Limited,Unknown
DMART,Avenue Supermarts Limited,Unknown
DMCC,DMCC SPECIALITY CHEMICALS LIMITED,Unknown
DNAMEDIA,Diligent Media Corporation Limited,Unknown
DODLA,Dodla Dairy Limited,Unknown
DOLATALGO,Dolat Algotech Limited,Unknown
DOLLAR,Dollar Industries Limited,Unknown
DOLPHIN,Dolphin Offshore Enterprises (India) Limited,Unknown
DOMS,DOMS Industries Limited,Unknown
DONEAR,Donear Industries Limited,Unknown
DPABHUSHAN,D. P. Abhushan Limited,Unknown
DPWIRES,D P Wires Limited,Unknown
DRAGARWQ,Dr Agarwals Eye Hospital Limited,Unknown
DRCSYSTEMS,DRC Systems India Limited,Unknown
DREAMFOLKS,Dreamfolks Services Limited,Unknown
DREDGECORP,Dredging Corporation of India Limited,Unknown
DRREDDY,Dr. Reddy's Laboratories Limited,Unknown
DSSL,Dynacons Systems & Solutions Limited,Unknown
DTIL,Dhunseri Tea & Industries Limited,Unknown
DVL,Dhunseri Ventures Limited,Unknown
DWARKESH,Dwarikesh Sugar Industries Limited,Unknown
DYCL,Dynamic Cables Limited,Unknown
DYNAMATECH,Dynamatic Technologies Limited,Unknown
DYNPRO,Dynemic Products Limited,Unknown
E2E,E2E Networks Limited,Unknown
EASEMYTRIP,Easy Trip Planners Limited,Unknown
EBGNG,GNG Electronics Limited,Unknown
ECLERX,eClerx Services Limited,Unknown
EDELWEISS,Edelweiss Financial Services Limited,Unknown
EFCIL,EFC (I) Limited,Unknown
EICHERMOT,Eicher Motors Limited,Unknown
EIDPARRY,EID Parry India Limited,Unknown
EIEL,Enviro Infra Engineers Limited,Unknown
EIFFL,Euro India Fresh Foods Limited,Unknown
EIHAHOTELS,EIH Associated Hotels Limited,Unknown
EIHOTEL,EIH Limited,Unknown
EIMCOELECO,Eimco Elecon (India) Limited,Unknown
EKC,Everest Kanto Cylinder Limited,Unknown
ELANTAS,Elantas Beck India Limited,Unknown
ELCIDIN,EL CID Investments Limited,Unknown
ELDEHSG,Eldeco Housing And Industries Limited,Unknown
ELECON,Elecon Engineering Company Limited,Unknown
ELECTCAST,Electrosteel Castings Limited,Unknown
ELECTHERM,Electrotherm (India) Limited,Unknown
ELGIEQUIP,Elgi Equipments Limited,Unknown
ELGIRUBCO,Elgi Rubber Company Limited,Unknown
ELIN,Elin Electronics Limited,Unknown
ELITECON,Elitecon International Limited,Unknown
ELLEN,Ellenbarrie Industrial Gases Limited,Unknown
ELPROINTL,Elpro International Limited,Unknown
EMAMILTD,Emami Limited,Unknown
EMAMIPAP,Emami Paper Mills Limited,Unknown
EMBDL,Embassy Developments Limited,Unknown
EMCURE,Emcure Pharmaceuticals Limited,Unknown
EMIL,Electronics Mart India Limited,Unknown
EMKAY,Emkay Global Financial Services Limited,Unknown
EMMBI,Emmbi Industries Limited,Unknown
EMMVEE,Emmvee Photovoltaic Power Limited,Unknown
EMSLIMITED,EMS Limited,Unknown
EMUDHRA,eMudhra Limited,Unknown
ENDURANCE,Endurance Technologies Limited,Unknown
ENERGYDEV,Energy Development Company Limited,Unknown
ENGINERSIN,Engineers India Limited,Unknown
ENIL,Entertainment Network (India) Limited,Unknown
ENRIN,Siemens Energy India Limited,Unknown
ENTERO,Entero Healthcare Solutions Limited,Unknown
EPACK,EPACK Durable Limited,Unknown
EPACKPEB,EPack Prefab Technologies Limited,Unknown
EPIGRAL,Epigral Limited,Unknown
EPL,EPL Limited,Unknown
EQUITASBNK,Equitas Small Finance Bank Limited,Unknown
ERIS,Eris Lifesciences Limited,Unknown
ESABINDIA,Esab India Limited,Unknown
ESAFSFB,ESAF Small Finance Bank Limited,Unknown
ESCORTS,Escorts Kubota Limited,Unknown
ESSARSHPNG,Essar Shipping Limited,Unknown
ESTER,Ester Industries Limited,Unknown
ETERNAL,ETERNAL LIMITED,Unknown
ETHOSLTD,Ethos Limited,Unknown
EUREKAFORB,Eureka Forbes Limited,Unknown
EUROBOND,Euro Panel Products Limited,Unknown
EUROPRATIK,Euro Pratik Sales Limited,Unknown
EVEREADY,Eveready Industries India Limited,Unknown
EVERESTIND,Everest Industries Limited,Unknown
EXCELINDUS,Excel Industries Limited,Unknown
EXCELSOFT,Excelsoft Technologies Limited,Unknown
EXICOM,Exicom Tele-Systems Limited,Unknown
EXIDEIND,Exide Industries Limited,Unknown
EXPLEOSOL,Expleo Solutions Limited,Unknown
EXXARO,Exxaro Tiles Limited,Unknown
FABTECH,Fabtech Technologies Limited,Unknown
FACT,Fertilizers and Chemicals Travancore Limited,Unknown
FAIRCHEMOR,Fairchem Organics Limited,Unknown
FAZE3Q,Faze Three Limited,Unknown
FCL,Fineotex Chemical Limited,Unknown
FDC,FDC Limited,Unknown
FEDDERSHOL,Fedders Holding Limited,Unknown
FEDERALBNK,The Federal Bank  Limited,Unknown
FEDFINA,Fedbank Financial Services Limited,Unknown
FERMENTA,Fermenta Biotech Limited,Unknown
FIBERWEB,Fiberweb (India) Limited,Unknown
FIEMIND,Fiem Industries Limited,Unknown
FILATEX,Filatex India Limited,Unknown
FINCABLES,Finolex Cables Limited,Unknown
FINEORG,Fine Organic Industries Limited,Unknown
FINKURVE,Finkurve Financial Services Limited,Unknown
FINOPB,Fino Payments Bank Limited,Unknown
FINPIPE,Finolex Industries Limited,Unknown
FIRSTCRY,Brainbees Solutions Limited,Unknown
FISCHER,Fischer Medical Ventures Limited,Unknown
FIVESTAR,Five-Star Business Finance Limited,Unknown
FLAIR,Flair Writing Industries Limited,Unknown
FLUOROCHEM,Gujarat Fluorochemicals Limited,Unknown
FMGOETZE,Federal-Mogul Goetze (India) Limited.,Unknown
FOCUS,Focus Lighting and Fixtures Limited,Unknown
FOODSIN,Foods & Inns Limited,Unknown
FORCEMOT,FORCE MOTORS LTD,Unknown
FORTIS,Fortis Healthcare Limited,Unknown
FOSECOIND,Foseco India Limited,Unknown
FRACTAL,Fractal Analytics Limited,Unknown
FRONTSP,Frontier Springs Limited,Unknown
FSL,Firstsource Solutions Limited,Unknown
FUSION,Fusion Finance Limited,Unknown
GABRIEL,Gabriel India Limited,Unknown
GAEL,Gujarat Ambuja Exports Limited,Unknown
GAIL,GAIL (India) Limited,Unknown
GALAPREC,Gala Precision Engineering Limited,Unknown
GALAXYSURF,Galaxy Surfactants Limited,Unknown
GALLANTT,Gallantt Ispat Limited,Unknown
GANDHAR,Gandhar Oil Refinery (India) Limited,Unknown
GANDHITUBE,Gandhi Special Tubes Limited,Unknown
GANECOS,Ganesha Ecosphere Limited,Unknown
GANESHBE,Ganesh Benzoplast Limited,Unknown
GANESHCP,Ganesh Consumer Products Limited,Unknown
GANESHHOU,GANESH HOUSING LIMITED,Unknown
GANGAFORGE,Ganga Forging Limited,Unknown
GANGESSECU,Ganges Securities Limited,Unknown
GARFIBRES,Garware Technical Fibres Limited,Unknown
GARUDA,Garuda Construction and Engineering Limited,Unknown
GATECH,GACM Technologies Limited,Unknown
GATECHDVR,GACM Technologies Limited,Unknown
GATEWAY,Gateway Distriparks Limited,Unknown
GAYAHWS,Gayatri Highways Limited,Unknown
GCSL,Gretex Corporate Services Limited,Unknown
GEECEE,GeeCee Ventures Limited,Unknown
GEEKAYWIRE,Geekay Wires Limited,Unknown
GEMAROMA,Gem Aromatics Limited,Unknown
GENCON,Generic Engineering Construction and Projects Limited,Unknown
GENESYS,Genesys International Corporation Limited,Unknown
GENUSPAPER,Genus Paper & Boards Limited,Unknown
GENUSPOWER,Genus Power Infrastructures Limited,Unknown
GEOJITFSL,Geojit Financial Services Limited,Unknown
GESHIP,The Great Eastern Shipping Company Limited,Unknown
GFLLIMITED,GFL Limited,Unknown
GHCL,GHCL Limited,Unknown
GHCLTEXTIL,GHCL Textiles Limited,Unknown
GICHSGFIN,GIC Housing Finance Limited,Unknown
GICL,Globe International Carriers Limited,Unknown
GICRE,General Insurance Corporation of India,Unknown
GILLANDERS,Gillanders Arbuthnot & Company Limited,Unknown
GILLETTE,Gillette India Limited,Unknown
GINNIFILA,Ginni Filaments Limited,Unknown
GIPCL,Gujarat Industries Power Company Limited,Unknown
GKENERGY,GK Energy Limited,Unknown
GKSL,Gujarat Kidney And Super Speciality Limited,Unknown
GKWLIMITED,GKW Limited,Unknown
GLAND,Gland Pharma Limited,Unknown
GLAXO,GlaxoSmithKline Pharmaceuticals Limited,Unknown
GLENMARK,Glenmark Pharmaceuticals Limited,Unknown
GLOBAL,Global Education Limited,Unknown
GLOBALVECT,Global Vectra Helicorp Limited,Unknown
GLOBE,GLOBE ENTERPRISES (INDIA) LIMITED,Unknown
GLOBUSSPR,Globus Spirits Limited,Unknown
GLOSTERLTD,Gloster Limited,Unknown
GMBREW,GM Breweries Limited,Unknown
GMDCLTD,Gujarat Mineral Development Corporation Limited,Unknown
GMMPFAUDLR,GMM Pfaudler Limited,Unknown
GMRAIRPORT,GMR AIRPORTS LIMITED,Unknown
GMRP&UI,GMR Power and Urban Infra Limited,Unknown
GNA,GNA Axles Limited,Unknown
GNFC,Gujarat Narmada Valley Fertilizers and Chemicals Limited,Unknown
GNRL,Gujarat Natural Resources Limited,Unknown
GOACARBON,Goa Carbon Limited,Unknown
GOCLCORP,GOCL Corporation Limited,Unknown
GOCOLORS,Go Fashion (India) Limited,Unknown
GODAVARIB,Godavari Biorefineries Limited,Unknown
GODFRYPHLP,Godfrey Phillips India Limited,Unknown
GODIGIT,Go Digit General Insurance Limited,Unknown
GODREJAGRO,Godrej Agrovet Limited,Unknown
GODREJCP,Godrej Consumer Products Limited,Unknown
GODREJIND,Godrej Industries Limited,Unknown
GODREJPROP,Godrej Properties Limited,Unknown
GOKEX,Gokaldas Exports Limited,Unknown
GOKUL,Gokul Refoils and Solvent Limited,Unknown
GOKULAGRO,Gokul Agro Resources Limited,Unknown
GOLDIAM,Goldiam International Limited,Unknown
GOLDTECH,AION-TECH SOLUTIONS LIMITED,Unknown
GOODLUCK,Goodluck India Limited,Unknown
GOODYEAR,Goodyear India Limited,Unknown
GOPAL,Gopal Snacks Limited,Unknown
GOYALALUM,Goyal Aluminiums Limited,Unknown
GPIL,Godawari Power And Ispat limited,Unknown
GPPL,Gujarat Pipavav Port Limited,Unknown
GPTHEALTH,GPT Healthcare Limited,Unknown
GPTINFRA,GPT Infraprojects Limited,Unknown
GRADIENTE,Gradiente Infotainment Limited,Unknown
GRANDOAK,Grand Oak Canyons Distillery Limited,Unknown
GRANULES,Granules India Limited,Unknown
GRAPHITE,Graphite India Limited,Unknown
GRASIM,Grasim Industries Limited,Unknown
GRAUWEIL,Grauer & Weil India Limited,Unknown
GRAVISSHO,Graviss Hospitality Limited,Unknown
GRAVITA,Gravita India Limited,Unknown
GREAVESCOT,Greaves Cotton Limited,Unknown
GREENLAM,Greenlam Industries Limited,Unknown
GREENPANEL,Greenpanel Industries Limited,Unknown
GREENPLY,Greenply Industries Limited,Unknown
GREENPOWER,Orient Green Power Company Limited,Unknown
GRINDWELL,Grindwell Norton Limited,Unknown
GRINFRA,G R Infraprojects Limited,Unknown
GRMOVER,GRM Overseas Limited,Unknown
GROBTEA,The Grob Tea Company Limited,Unknown
GROWW,Billionbrains Garage Ventures Limited,Unknown
GRPLTD,GRP Limited,Unknown
GRSE,Garden Reach Shipbuilders & Engineers Limited,Unknown
GRWRHITECH,Garware Hi-Tech Films Limited,Unknown
GSFC,Gujarat State Fertilizers & Chemicals Limited,Unknown
GSLSU,Global Surfaces Limited,Unknown
GSPCROP,GSP Crop Science Limited,Unknown
GTL,GTL Limited,Unknown
GTLINFRA,GTL Infrastructure Limited,Unknown
GTPL,GTPL Hathway Limited,Unknown
GUFICBIO,Gufic Biosciences Limited,Unknown
GUJALKALI,Gujarat Alkalies and Chemicals Limited,Unknown
GUJAPOLLO,Gujarat Apollo Industries Limited,Unknown
GUJGASLTD,Gujarat Gas Limited,Unknown
GUJRAFFIA,Gujarat Raffia Industries Limited,Unknown
GUJTHEM,Gujarat Themis Biosyn Limited,Unknown
GULFOILLUB,Gulf Oil Lubricants India Limited,Unknown
GULPOLY,Gulshan Polyols Limited,Unknown
GVPIL,GE Power India Limited,Unknown
GVPTECH,GVP Infotech Limited,Unknown
GVT&D,GE Vernova T&D India Limited,Unknown
HAL,Hindustan Aeronautics Limited,Unknown
HALDER,Halder Venture Limited,Unknown
HALDYNGL,Haldyn Glass Limited,Unknown
HALEOSLABS,HALEOS LABS LIMITED,Unknown
HAPPSTMNDS,Happiest Minds Technologies Limited,Unknown
HAPPYFORGE,Happy Forgings Limited,Unknown
HARDWYN,Hardwyn India Limited,Unknown
HARIOMPIPE,Hariom Pipe Industries Limited,Unknown
HARRMALAYA,Harrisons  Malayalam Limited,Unknown
HARSHA,Harsha Engineers International Limited,Unknown
HATHWAY,Hathway Cable & Datacom Limited,Unknown
HATSUN,Hatsun Agro Product Limited,Unknown
HAVELLS,Havells India Limited,Unknown
HAVISHA,Sri Havisha Hospitality and Infrastructure Limited,Unknown
HAWKINCOOK,Hawkins Cookers Limited,Unknown
HBESD,HB Estate Developers Limited,Unknown
HBLENGINE,HBL Engineering Limited,Unknown
HCC,Hindustan Construction Company Limited,Unknown
HCG,Healthcare Global Enterprises Limited,Unknown
HCL-INSYS,HCL Infosystems Limited,Unknown
HCLTECH,HCL Technologies Limited,Unknown
HDBFS,HDB Financial Services Limited,Unknown
HDFCAMC,HDFC Asset Management Company Limited,Unknown
HDFCBANK,HDFC Bank Limited,Unknown
HDFCLIFE,HDFC Life Insurance Company Limited,Unknown
HEADSUP,Heads UP Ventures Limited,Unknown
HEALTHX,Health X Platform Limited,Unknown
HECPROJECT,HEC Infra Projects Limited,Unknown
HEG,HEG Limited,Unknown
HEIDELBERG,HeidelbergCement India Limited,Unknown
HEMIPROP,Hemisphere Properties India Limited,Unknown
HERANBA,Heranba Industries Limited,Unknown
HERITGFOOD,Heritage Foods Limited,Unknown
HEROMOTOCO,Hero MotoCorp Limited,Unknown
HESTERBIO,Hester Biosciences Limited,Unknown
HEXATRADEX,Hexa Tradex Limited,Unknown
HEXT,Hexaware Technologies Limited,Unknown
HFCL,HFCL Limited,Unknown
HGINFRA,H.G. Infra Engineering Limited,Unknown
HGM,HandsOn Global Management (HGM) Limited,Unknown
HGS,Hinduja Global Solutions Limited,Unknown
HIKAL,Hikal Limited,Unknown
HIMATSEIDE,Himatsingka Seide Limited,Unknown
HINDALCO,Hindalco Industries Limited,Unknown
HINDCOMPOS,Hindustan Composites Limited,Unknown
HINDCOPPER,Hindustan Copper Limited,Unknown
HINDOILEXP,Hindustan Oil Exploration Company Limited,Unknown
HINDPETRO,Hindustan Petroleum Corporation Limited,Unknown
HINDUNILVR,Hindustan Unilever Limited,Unknown
HINDWAREAP,Hindware Home Innovation Limited,Unknown
HINDZINC,Hindustan Zinc Limited,Unknown
HIRECT,Hind Rectifiers Limited,Unknown
HISARMETAL,Hisar Metal Industries Limited,Unknown
HITECH,Hi-Tech Pipes Limited,Unknown
HLEGLAS,HLE Glascoat Limited,Unknown
HLVLTD,HLV LIMITED,Unknown
HMAAGRO,HMA Agro Industries Limited,Unknown
HMVL,Hindustan Media Ventures Limited,Unknown
HNDFDS,Hindustan Foods Limited,Unknown
HOMEFIRST,Home First Finance Company India Limited,Unknown
HONASA,Honasa Consumer Limited,Unknown
HONAUT,Honeywell Automation India Limited,Unknown
HONDAPOWER,Honda India Power Products Limited,Unknown
HPAL,HP Adhesives Limited,Unknown
HPIL,Hindprakash Industries Limited,Unknown
HPL,HPL Electric & Power Limited,Unknown
HSCL,Himadri Speciality Chemical Limited,Unknown
HTMEDIA,HT Media Limited,Unknown
HUBTOWN,Hubtown Limited,Unknown
HUDCO,Housing & Urban Development Corporation Limited,Unknown
HUHTAMAKI,Huhtamaki India Limited,Unknown
HYBRIDFIN,Hybrid Financial Services Limited,Unknown
HYUNDAI,Hyundai Motor India Limited,Unknown
ICDSLTD,ICDS Limited,Unknown
ICEMAKE,Ice Make Refrigeration Limited,Unknown
ICICIAMC,ICICI Prudential Asset Management Company Limited,Unknown
ICICIBANK,ICICI Bank Limited,Unknown
ICICIGI,ICICI Lombard General Insurance Company Limited,Unknown
ICICIPRULI,ICICI Prudential Life Insurance Company Limited,Unknown
ICIL,Indo Count Industries Limited,Unknown
ICRA,ICRA Limited,Unknown
IDBI,IDBI Bank Limited,Unknown
IDEA,Vodafone Idea Limited,Unknown
IDFCFIRSTB,IDFC First Bank Limited,Unknown
IEX,Indian Energy Exchange Limited,Unknown
IFBIND,IFB Industries Limited,Unknown
IFCI,IFCI Limited,Unknown
IFGLEXPOR,IFGL Refractories Limited,Unknown
IGARASHI,Igarashi Motors India Limited,Unknown
IGCL,Indogulf Cropsciences Limited,Unknown
IGIL,International Gemological Institute Limited,Unknown
IGL,Indraprastha Gas Limited,Unknown
IGPL,IG Petrochemicals Limited,Unknown
IIFL,IIFL Finance Limited,Unknown
IIFLCAPS,IIFL Capital Services Limited,Unknown
IITL,Industrial Investment Trust Limited,Unknown
IKIO,IKIO Technologies Limited,Unknown
IKS,Inventurus Knowledge Solutions Limited,Unknown
IMAGICAA,Imagicaaworld Entertainment Limited,Unknown
IMFA,Indian Metals & Ferro Alloys Limited,Unknown
IMPAL,India Motor Parts and Accessories Limited,Unknown
INA,Insolation Energy Limited,Unknown
INCREDIBLE,INCREDIBLE INDUSTRIES LIMITED,Unknown
INDBANK,Indbank Merchant Banking Services Limited,Unknown
INDGN,Indegene Limited,Unknown
INDHOTEL,The Indian Hotels Company Limited,Unknown
INDIACEM,The India Cements Limited,Unknown
INDIAGLYCO,India Glycols Limited,Unknown
INDIAMART,Indiamart Intermesh Limited,Unknown
INDIANB,Indian Bank,Unknown
INDIANCARD,Indian Card Clothing Company Limited,Unknown
INDIANHUME,Indian Hume Pipe Company Limited,Unknown
INDIASHLTR,India Shelter Finance Corporation Limited,Unknown
INDIGO,InterGlobe Aviation Limited,Unknown
INDIGOPNTS,Indigo Paints Limited,Unknown
INDIQUBE,Indiqube Spaces Limited,Unknown
INDNIPPON,India Nippon Electricals Limited,Unknown
INDOAMIN,Indo Amines Limited,Unknown
INDOBORAX,Indo Borax & Chemicals Limited,Unknown
INDOCO,Indoco Remedies Limited,Unknown
INDOFARM,Indo Farm Equipment Limited,Unknown
INDORAMA,Indo Rama Synthetics (India) Limited,Unknown
INDOSTAR,IndoStar Capital Finance Limited,Unknown
INDOTHAI,Indo Thai Securities Limited,Unknown
INDOUS,Indo Us Biotech Limited,Unknown
INDPRUD,Industrial & Prudential Investment Company Limited,Unknown
INDRAMEDCO,Indraprastha Medical Corporation Limited,Unknown
INDSWFTLAB,Ind-Swift Laboratories Limited,Unknown
INDTERRAIN,Indian Terrain Fashions Limited,Unknown
INDUSINDBK,IndusInd Bank Limited,Unknown
INDUSTOWER,Indus Towers Limited,Unknown
INFOBEAN,InfoBeans Technologies Limited,Unknown
INFOMEDIA,Infomedia Press Limited,Unknown
INFY,Infosys Limited,Unknown
INGERRAND,Ingersoll Rand (India) Limited,Unknown
INNOVACAP,Innova Captab Limited,Unknown
INNOVANA,Innovana Thinklabs Limited,Unknown
INNOVISION,Innovision Limited,Unknown
INOXGREEN,Inox Green Energy Services Limited,Unknown
INOXINDIA,INOX India Limited,Unknown
INOXWIND,Inox Wind Limited,Unknown
INSECTICID,Insecticides (India) Limited,Unknown
INTELLECT,Intellect Design Arena Limited,Unknown
INTENTECH,Intense Technologies Limited,Unknown
INTERARCH,Interarch Building Solutions Limited,Unknown
INTLCONV,International Conveyors Limited,Unknown
INVENTURE,Inventure Growth & Securities Limited,Unknown
INVPRECQ,Investment & Precision Castings Limited,Unknown
IOB,Indian Overseas Bank,Unknown
IOC,Indian Oil Corporation Limited,Unknown
IOLCP,IOL Chemicals and Pharmaceuticals Limited,Unknown
IONEXCHANG,ION Exchange (India) Limited,Unknown
IPCALAB,IPCA Laboratories Limited,Unknown
IPL,India Pesticides Limited,Unknown
IRB,IRB Infrastructure Developers Limited,Unknown
IRCON,Ircon International Limited,Unknown
IRCTC,Indian Railway Catering And Tourism Corporation Limited,Unknown
IREDA,Indian Renewable Energy Development Agency Limited,Unknown
IRFC,Indian Railway Finance Corporation Limited,Unknown
IRIS,IRIS RegTech Solutions Limited,Unknown
IRISDOREME,Iris Clothings Limited,Unknown
IRMENERGY,IRM Energy Limited,Unknown
ISFT,Intrasoft Technologies Limited,Unknown
ISGEC,Isgec Heavy Engineering Limited,Unknown
ISHANCH,Ishan Dyes and Chemicals Limited,Unknown
ITC,ITC Limited,Unknown
ITCHOTELS,ITC Hotels Limited,Unknown
ITDC,India Tourism Development Corporation Limited,Unknown
ITI,ITI Limited,Unknown
IVALUE,Ivalue Infosolutions Limited,Unknown
IVC,IL&FS Investment Managers Limited,Unknown
IVP,IVP Limited,Unknown
IWP,The Indian Wood Products Company Limited,Unknown
IXIGO,Le Travenues Technology Limited,Unknown
IZMO,IZMO Limited,Unknown
J&KBANK,The Jammu & Kashmir Bank Limited,Unknown
JAGRAN,Jagran Prakashan Limited,Unknown
JAGSNPHARM,Jagsonpal Pharmaceuticals Limited,Unknown
JAICORPLTD,Jai Corp Limited,Unknown
JAINREC,Jain Resource Recycling Limited,Unknown
JAIPURKURT,Nandani Creation Limited,Unknown
JAMNAAUTO,Jamna Auto Industries Limited,Unknown
JARO,Jaro Institute of Technology Management and Research Limited,Unknown
JASH,Jash Engineering Limited,Unknown
JAYAGROGN,Jayant Agro Organics Limited,Unknown
JAYBARMARU,Jay Bharat Maruti Limited,Unknown
JAYKAY,Jaykay Enterprises Limited,Unknown
JAYNECOIND,Jayaswal Neco Industries Limited,Unknown
JAYSREETEA,Jayshree Tea & Industries Limited,Unknown
JBCHEPHARM,JB Chemicals & Pharmaceuticals Limited,Unknown
JBMA,JBM Auto Limited,Unknown
JETFREIGHT,Jet Freight Logistics Limited,Unknown
JGCHEM,J.G.Chemicals Limited,Unknown
JHS,JHS Svendgaard Laboratories Limited,Unknown
JINDALPHOT,Jindal Photo Limited,Unknown
JINDALPOLY,Jindal Poly Films Limited,Unknown
JINDALSAW,Jindal Saw Limited,Unknown
JINDALSTEL,JINDAL STEEL LIMITED,Unknown
JINDRILL,Jindal Drilling And Industries Limited,Unknown
JINDWORLD,Jindal Worldwide Limited,Unknown
JIOFIN,Jio Financial Services Limited,Unknown
JISLDVREQS,Jain Irrigation Systems Limited,Unknown
JISLJALEQS,Jain Irrigation Systems Limited,Unknown
JITFINFRA,JITF Infralogistics Limited,Unknown
JKCEMENT,JK Cement Limited,Unknown
JKIL,J.Kumar Infraprojects Limited,Unknown
JKLAKSHMI,JK Lakshmi Cement Limited,Unknown
JKPAPER,JK Paper Limited,Unknown
JKTYRE,JK Tyre & Industries Limited,Unknown
JLHL,Jupiter Life Line Hospitals Limited,Unknown
JMA,Jullundur Motor Agency (Delhi) Limited,Unknown
JMFINANCIL,JM Financial Limited,Unknown
JNKINDIA,JNK India Limited,Unknown
JPOLYINVST,Jindal Poly Investment and Finance Company Limited,Unknown
JPPOWER,Jaiprakash Power Ventures Limited,Unknown
JSFB,Jana Small Finance Bank Limited,Unknown
JSL,Jindal Stainless Limited,Unknown
JSLL,Jeena Sikho Lifecare Limited,Unknown
JSWCEMENT,JSW Cement Limited,Unknown
JSWDULUX,JSW Dulux Limited,Unknown
JSWENERGY,JSW Energy Limited,Unknown
JSWHL,JSW Holdings Limited,Unknown
JSWINFRA,JSW Infrastructure Limited,Unknown
JSWSTEEL,JSW Steel Limited,Unknown
JTEKTINDIA,Jtekt India Limited,Unknown
JTLIND,JTL INDUSTRIES LIMITED,Unknown
JUBLCPL,Jubilant Agri and Consumer Products Limited,Unknown
JUBLFOOD,Jubilant Foodworks Limited,Unknown
JUBLINGREA,Jubilant Ingrevia Limited,Unknown
JUBLPHARMA,Jubilant Pharmova Limited,Unknown
JUNIPER,Juniper Hotels Limited,Unknown
JUSTDIAL,Just Dial Limited,Unknown
JWL,Jupiter Wagons Limited,Unknown
JYOTHYLAB,Jyothy Labs Limited,Unknown
JYOTICNC,Jyoti CNC Automation Limited,Unknown
JYOTISTRUC,Jyoti Structures Limited,Unknown
KABRAEXTRU,Kabra Extrusion Technik Limited,Unknown
KAJARIACER,Kajaria Ceramics Limited,Unknown
KALAMANDIR,Sai Silks (Kalamandir) Limited,Unknown
KALPATARU,Kalpataru Limited,Unknown
KALYANIFRG,Kalyani Forge Limited,Unknown
KALYANKJIL,Kalyan Jewellers India Limited,Unknown
KAMAHOLD,Kama Holdings Limited,Unknown
KAMATHOTEL,Kamat Hotels (I) Limited,Unknown
KAMOPAINTS,Kamdhenu Ventures Limited,Unknown
KANANIIND,Kanani Industries Limited,Unknown
KANPRPLA,Kanpur Plastipack Limited,Unknown
KANSAINER,Kansai Nerolac Paints Limited,Unknown
KAPSTON,Kapston Services Limited,Unknown
KARMAENG,Karma Energy Limited,Unknown
KARURVYSYA,Karur Vysya Bank Limited,Unknown
KAUSHALYA,Kaushalya Infrastructure Development Corporation Limited,Unknown
KAVDEFENCE,Kavveri Defence & Wireless Technologies Limited,Unknown
KAYA,Kaya Limited,Unknown
KAYNES,Kaynes Technology India Limited,Unknown
KCP,KCP Limited,Unknown
KCPSUGIND,KCP Sugar and Industries Corporation Limited,Unknown
KDDL,KDDL Limited,Unknown
KEC,KEC International Limited,Unknown
KEEPLEARN,DSJ Keep Learning Limited,Unknown
KEI,KEI Industries Limited,Unknown
KELLTONTEC,Kellton Tech Solutions Limited,Unknown
KENNAMET,Kennametal India Limited,Unknown
KERNEX,Kernex Microsystems (India) Limited,Unknown
KEYFINSERV,Keynote Financial Services Limited,Unknown
KFINTECH,Kfin Technologies Limited,Unknown
KHANDSE,Khandwala Securities Limited,Unknown
KICL,Kalyani Investment Company Limited,Unknown
KILITCH,Kilitch Drugs (India) Limited,Unknown
KIMS,Krishna Institute of Medical Sciences Limited,Unknown
KINGFA,Kingfa Science & Technology (India) Limited,Unknown
KIOCL,KIOCL Limited,Unknown
KIRANVYPAR,Kiran Vyapar Limited,Unknown
KIRIINDUS,Kiri Industries Limited,Unknown
KIRLFER,Kirloskar Ferrous Industries Limited,Unknown
KIRLOSBROS,Kirloskar Brothers Limited,Unknown
KIRLOSENG,Kirloskar Oil Engines Limited,Unknown
KIRLOSIND,Kirloskar Industries Limited,Unknown
KIRLPNU,Kirloskar Pneumatic Company Limited,Unknown
KISSHT,OnEMI Technology Solutions Limited,Unknown
KITEX,Kitex Garments Limited,Unknown
KKCL,Kewal Kiran Clothing Limited,Unknown
KLBRENG-B,Kilburn Engineering Limited,Unknown
KMEW,Knowledge Marine & Engineering Works Limited,Unknown
KMSUGAR,K.M.Sugar Mills Limited,Unknown
KNAGRI,KN Agri Resources Limited,Unknown
KNRCON,KNR Constructions Limited,Unknown
KOHINOOR,Kohinoor Foods Limited,Unknown
KOKUYOCMLN,Kokuyo Camlin Limited,Unknown
KOLTEPATIL,Kolte - Patil Developers Limited,Unknown
KOTAKBANK,Kotak Mahindra Bank Limited,Unknown
KOTARISUG,Kothari Sugars And Chemicals Limited,Unknown
KOTHARIPET,Kothari Petrochemicals Limited,Unknown
KOTHARIPRO,Kothari Products Limited,Unknown
KOTIC,Kothari Industrial Corporation Limited,Unknown
KOTYARK,Kotyark Industries Limited,Unknown
KOVAI,Kovai Medical Center & Hospital Limited,Unknown
KPEL,K.P. Energy Limited,Unknown
KPIGREEN,KPI Green Energy Limited,Unknown
KPIL,Kalpataru Projects International Limited,Unknown
KPITTECH,KPIT Technologies Limited,Unknown
KPL,Kwality Pharmaceuticals Limited,Unknown
KPRMILL,K.P.R. Mill Limited,Unknown
KRBL,KRBL Limited,Unknown
KREBSBIO,Krebs Biochemicals and Industries Limited,Unknown
KRISHANA,Krishana Phoschem Limited,Unknown
KRISHIVAL,Krishival Foods Limited,Unknown
KRISHNADEF,Krishna Defence And Allied Industries Limited,Unknown
KRITIKA,Kritika Wires Limited,Unknown
KRONOX,Kronox Lab Sciences Limited,Unknown
KROSS,Kross Limited,Unknown
KRSNAA,Krsnaa Diagnostics Limited,Unknown
KRYSTAL,Krystal Integrated Services Limited,Unknown
KSB,Ksb Limited,Unknown
KSCL,Kaveri Seed Company Limited,Unknown
KSHINTL,KSH International Limited,Unknown
KSL,Kalyani Steels Limited,Unknown
KSOLVES,Ksolves India Limited,Unknown
KSR,KSR Footwear Limited,Unknown
KTKBANK,The Karnataka Bank Limited,Unknown
KUANTUM,Kuantum Papers Limited,Unknown
KWIL,Kwality Wall's (India) Limited,Unknown
LAGNAM,Lagnam Spintex Limited,Unknown
LAHOTIOV,Lahoti Overseas Limited,Unknown
LAL,Lorenzini Apparels Limited,Unknown
LALPATHLAB,Dr. Lal Path Labs Ltd.,Unknown
LAMBODHARA,Lambodhara Textiles Limited,Unknown
LANCORHOL,Lancor Holdings Limited,Unknown
LANDMARK,Landmark Cars Limited,Unknown
LANDSMILL,Landsmill Green Limited,Unknown
LAOPALA,La Opala RG Limited,Unknown
LASA,Lasa Supergenerics Limited,Unknown
LATENTVIEW,Latent View Analytics Limited,Unknown
LAURUSLABS,Laurus Labs Limited,Unknown
LAXMICOT,Laxmi Cotspin Limited,Unknown
LAXMIDENTL,Laxmi Dental Limited,Unknown
LCCINFOTEC,LCC Infotech Limited,Unknown
LEMERITE,Le Merite Exports Limited,Unknown
LEMONTREE,Lemon Tree Hotels Limited,Unknown
LENSKART,Lenskart Solutions Limited,Unknown
LEXUS,Lexus Granito (India) Limited,Unknown
LFIC,Lakshmi Finance & Industrial Corporation Limited,Unknown
LGBBROSLTD,LG Balakrishnan & Bros Limited,Unknown
LGEINDIA,LG Electronics India Limited,Unknown
LGHL,Laxmi Goldorna House Limited,Unknown
LIBAS,Libas Consumer Products Limited,Unknown
LIBERTSHOE,Liberty Shoes Limited,Unknown
LICHSGFIN,LIC Housing Finance Limited,Unknown
LICI,Life Insurance Corporation Of India,Unknown
LINC,Linc Limited,Unknown
LINCOLN,Lincoln Pharmaceuticals Limited,Unknown
LINDEINDIA,Linde India Limited,Unknown
LLOYDSENGG,LLOYDS ENGINEERING WORKS LIMITED,Unknown
LLOYDSENT,Lloyds Enterprises Limited,Unknown
LLOYDSME,Lloyds Metals And Energy Limited,Unknown
LMW,LMW Limited,Unknown
LODHA,Lodha Developers Limited,Unknown
LORDSCHLO,Lords Chloro Alkali Limited,Unknown
LOTUSDEV,Sri Lotus Developers and Realty Limited,Unknown
LOTUSEYE,Lotus Eye Hospital and Institute Limited,Unknown
LOVABLE,Lovable Lingerie Limited,Unknown
LPDC,Landmark Property Development Company Limited,Unknown
LT,Larsen & Toubro Limited,Unknown
LTF,L&T Finance Limited,Unknown
LTFOODS,LT Foods Limited,Unknown
LTM,LTM Limited,Unknown
LTTS,L&T Technology Services Limited,Unknown
LUMAXIND,Lumax Industries Limited,Unknown
LUMAXTECH,Lumax Auto Technologies Limited,Unknown
LUPIN,Lupin Limited,Unknown
LUXIND,Lux Industries Limited,Unknown
LXCHEM,Laxmi Organic Industries Limited,Unknown
LYKALABS,Lyka Labs Limited,Unknown
LYPSAGEMS,Lypsa Gems & Jewellery Limited,Unknown
M&M,Mahindra & Mahindra Limited,Unknown
M&MFIN,Mahindra & Mahindra Financial Services Limited,Unknown
MAANALU,Maan Aluminium Limited,Unknown
MACPOWER,Macpower CNC Machines Limited,Unknown
MADHAV,Madhav Marbles and Granites Limited,Unknown
MADHAVIPL,Madhav Infra Projects Limited,Unknown
MADHUCON,Madhucon Projects Limited,Unknown
MADRASFERT,Madras Fertilizers Limited,Unknown
MAFATIND,Mafatlal Industries Limited,Unknown
MAGADSUGAR,Magadh Sugar & Energy Limited,Unknown
MAGNUM,Magnum Ventures Limited,Unknown
MAHABANK,Bank of Maharashtra,Unknown
MAHAPEXLTD,Maha Rashtra Apex Corporation Limited,Unknown
MAHEPC,Mahindra EPC Irrigation Limited,Unknown
MAHLIFE,Mahindra Lifespace Developers Limited,Unknown
MAHLOG,Mahindra Logistics Limited,Unknown
MAHSCOOTER,Maharashtra Scooters Limited,Unknown
MAHSEAMLES,Maharashtra Seamless Limited,Unknown
MAITHANALL,Maithan Alloys Limited,Unknown
MAJESAUT,Majestic Auto Limited,Unknown
MALLCOM,Mallcom (India) Limited,Unknown
MALUPAPER,Malu Paper Mills Limited,Unknown
MAMATA,Mamata Machinery Limited,Unknown
MANAKALUCO,Manaksia Aluminium Company Limited,Unknown
MANAKCOAT,Manaksia Coated Metals & Industries Limited,Unknown
MANAKSIA,Manaksia Limited,Unknown
MANALIPETC,Manali Petrochemicals Limited,Unknown
MANAPPURAM,Manappuram Finance Limited,Unknown
MANBA,Manba Finance Limited,Unknown
MANCREDIT,Mangal Credit and Fincorp Limited,Unknown
MANGALAM,Mangalam Drugs And Organics Limited,Unknown
MANGLMCEM,Mangalam Cement Limited,Unknown
MANINDS,Man Industries (India) Limited,Unknown
MANINFRA,Man Infraconstruction Limited,Unknown
MANKIND,Mankind Pharma Limited,Unknown
MANOMAY,Manomay Tex India Limited,Unknown
MANORAMA,Manorama Industries Limited,Unknown
MANYAVAR,Vedant Fashions Limited,Unknown
MAPMYINDIA,C.E. Info Systems Limited,Unknown
MARATHON,Marathon Nextgen Realty Limited,Unknown
MARICO,Marico Limited,Unknown
MARINE,Marine Electricals (India) Limited,Unknown
MARKOLINES,Markolines Pavement Technologies Limited,Unknown
MARKSANS,Marksans Pharma Limited,Unknown
MARSONS,Marsons Limited,Unknown
MARUTI,Maruti Suzuki India Limited,Unknown
MASFIN,MAS Financial Services Limited,Unknown
MASTEK,Mastek Limited,Unknown
MASTERTR,Master Trust Limited,Unknown
MATRIMONY,Matrimony.Com Limited,Unknown
MAXESTATES,Max Estates Limited,Unknown
MAXHEALTH,Max Healthcare Institute Limited,Unknown
MAXIND,Max India Limited,Unknown
MAYURUNIQ,Mayur Uniquoters Ltd,Unknown
MAZDA,Mazda Limited,Unknown
MAZDOCK,Mazagon Dock Shipbuilders Limited,Unknown
MBAPL,Madhya Bharat Agro Products Limited,Unknown
MBEL,M & B Engineering Limited,Unknown
MCCHRLS-B,Mac Charles India Limited,Unknown
MCL,M TEK COPPER LIMITED,Unknown
MCLOUD,Magellanic Cloud Limited,Unknown
MCX,Multi Commodity Exchange of India Limited,Unknown
MEDANTA,Global Health Limited,Unknown
MEDIASSIST,Medi Assist Healthcare Services Limited,Unknown
MEDICAMEQ,Medicamen Biotech Limited,Unknown
MEDICO,Medico Remedies Limited,Unknown
MEDPLUS,Medplus Health Services Limited,Unknown
MEESHO,Meesho Limited,Unknown
MEGASTAR,Megastar Foods Limited,Unknown
MENNPIS,Menon Pistons Limited,Unknown
MENONBE,Menon Bearings Limited,Unknown
MERCANTILE,Mercantile Ventures Limited,Unknown
METROBRAND,Metro Brands Limited,Unknown
METROGLOBL,Metroglobal Limited,Unknown
METROPOLIS,Metropolis Healthcare Limited,Unknown
MFML,Mahalaxmi Fabric Mills Limited,Unknown
MFSL,Max Financial Services Limited,Unknown
MGL,Mahanagar Gas Limited,Unknown
MHLXMIRU,Mahalaxmi Rubtech Limited,Unknown
MHRIL,Mahindra Holidays & Resorts India Limited,Unknown
MICEL,MIC Electronics Limited,Unknown
MIDHANI,Mishra Dhatu Nigam Limited,Unknown
MIDWESTLTD,Midwest Limited,Unknown
MINDACORP,Minda Corporation Limited,Unknown
MINDTECK,Mindteck (India) Limited,Unknown
MIRZAINT,Mirza International Limited,Unknown
MITTAL,Mittal Life Style Limited,Unknown
MKPL,M K Proteins Limited,Unknown
MMFL,MM Forgings Limited,Unknown
MMP,MMP Industries Limited,Unknown
MMTC,MMTC Limited,Unknown
MOBIKWIK,One Mobikwik Systems Limited,Unknown
MODIRUBBER,Modi Rubber Limited,Unknown
MODIS,Modis Navnirman Limited,Unknown
MODTHREAD,Modern Threads (India) Limited,Unknown
MOHITIND,Mohit Industries Limited,Unknown
MOIL,MOIL Limited,Unknown
MOKSH,Moksh Ornaments Limited,Unknown
MOL,Meghmani Organics Limited,Unknown
MOLDTECH,Mold-Tek Technologies Limited,Unknown
MOLDTKPAC,Mold-Tek Packaging Limited,Unknown
MONARCH,Monarch Networth Capital Limited,Unknown
MONEYBOXX,Moneyboxx Finance Limited,Unknown
MONTECARLO,Monte Carlo Fashions Limited,Unknown
MOREPENLAB,Morepen Laboratories Limited,Unknown
MOSCHIP,Moschip Technologies Limited,Unknown
MOTHERSON,Samvardhana Motherson International Limited,Unknown
MOTILALOFS,Motilal Oswal Financial Services Limited,Unknown
MOTISONS,Motisons Jewellers Limited,Unknown
MPHASIS,MphasiS Limited,Unknown
MPSLTD,MPS Limited,Unknown
MRF,MRF Limited,Unknown
MRPL,Mangalore Refinery and Petrochemicals Limited,Unknown
MSPL,MSP Steel & Power Limited,Unknown
MSTCLTD,Mstc Limited,Unknown
MSUMI,Motherson Sumi Wiring India Limited,Unknown
MTARTECH,Mtar Technologies Limited,Unknown
MTNL,Mahanagar Telephone Nigam Limited,Unknown
MUFIN,Mufin Green Finance Limited,Unknown
MUFTI,Credo Brands Marketing Limited,Unknown
MUKANDLTD,Mukand Limited,Unknown
MUKKA,Mukka Proteins Limited,Unknown
MUKTAARTS,Mukta Arts Limited,Unknown
MUNJALAU,Munjal Auto Industries Limited,Unknown
MUNJALSHOW,Munjal Showa Limited,Unknown
MURUDCERA,Murudeshwar Ceramics Limited,Unknown
MUTHOOTCAP,Muthoot Capital Services Limited,Unknown
MUTHOOTFIN,Muthoot Finance Limited,Unknown
MUTHOOTMF,Muthoot Microfin Limited,Unknown
MVGJL,Manoj Vaibhav Gems N Jewellers Limited,Unknown
MWL,Mangalam Worldwide Limited,Unknown
NACLIND,NACL Industries Limited,Unknown
NAGREEKEXP,Nagreeka Exports Limited,Unknown
NAHARCAP,Nahar Capital and Financial Services Limited,Unknown
NAHARINDUS,Nahar Industrial Enterprises Limited,Unknown
NAHARPOLY,Nahar Poly Films Limited,Unknown
NAM-INDIA,Nippon Life India Asset Management Limited,Unknown
NARMADA,Narmada Agrobase Limited,Unknown
NATCAPSUQ,Natural Capsules Limited,Unknown
NATCOPHARM,Natco Pharma Limited,Unknown
NATHBIOGEN,Nath Bio-Genes (India) Limited,Unknown
NATIONALUM,National Aluminium Company Limited,Unknown
NATIONSTD,National Standard (India) Limited,Unknown
NAUKRI,Info Edge (India) Limited,Unknown
NAVA,NAVA LIMITED,Unknown
NAVINFLUOR,Navin Fluorine International Limited,Unknown
NAVKARCORP,Navkar Corporation Limited,Unknown
NAVNETEDUL,Navneet Education Limited,Unknown
NAZARA,Nazara Technologies Limited,Unknown
NBCC,NBCC (India) Limited,Unknown
NBIFIN,N. B. I. Industrial Finance Company Limited,Unknown
NCC,NCC Limited,Unknown
NCLIND,NCL Industries Limited,Unknown
NDGL,Naga Dhunseri Group Limited,Unknown
NDL,Nandan Denim Limited,Unknown
NDLVENTURE,NDL Ventures Limited,Unknown
NDRAUTO,Ndr Auto Components Limited,Unknown
NDTV,New Delhi Television Limited,Unknown
NEAGI,Neelamalai Agro Industries Limited,Unknown
NECCLTD,North Eastern Carrying Corporation Limited,Unknown
NELCAST,Nelcast Limited,Unknown
NELCO,NELCO Limited,Unknown
NEOGEN,Neogen Chemicals Limited,Unknown
NEPHROPLUS,Nephrocare Health Services Limited,Unknown
NESCO,Nesco Limited,Unknown
NESTLEIND,Nestle India Limited,Unknown
NETWEB,Netweb Technologies India Limited,Unknown
NETWORK18,Network18 Media & Investments Limited,Unknown
NEULANDLAB,Neuland Laboratories Limited,Unknown
NEWGEN,Newgen Software Technologies Limited,Unknown
NEXTMEDIA,Next Mediaworks Limited,Unknown
NFL,National Fertilizers Limited,Unknown
NGLFINE,NGL Fine-Chem Limited,Unknown
NH,Narayana Hrudayalaya Ltd.,Unknown
NHPC,NHPC Limited,Unknown
NIACL,The New India Assurance Company Limited,Unknown
NIBE,NIBE Limited,Unknown
NIBL,NRB Industrial Bearings Limited,Unknown
NIITLTD,NIIT Limited,Unknown
NIITMTS,NIIT Learning Systems Limited,Unknown
NILAINFRA,Nila Infrastructures Limited,Unknown
NILASPACES,Nila Spaces Limited,Unknown
NILE,Nile Limited,Unknown
NILKAMAL,Nilkamal Limited,Unknown
NIPPOBATRY,Indo-National Limited,Unknown
NIRAJISPAT,Niraj Ispat Industries Limited,Unknown
NIRLON,Nirlon Limited,Unknown
NITCO,Nitco Limited,Unknown
NITINSPIN,Nitin Spinners Limited,Unknown
NITIRAJ,Nitiraj Engineers Limited,Unknown
NITTAGELA,Nitta Gelatin India Limited,Unknown
NIVABUPA,Niva Bupa Health Insurance Company Limited,Unknown
NKIND,NK Industries Limited,Unknown
NLCINDIA,NLC India Limited,Unknown
NMDC,NMDC Limited,Unknown
NOCIL,NOCIL Limited,Unknown
NORBTEAEXP,Norben Tea & Exports Limited,Unknown
NORTHARC,Northern Arc Capital Limited,Unknown
NOVARTIND,Novartis India Limited,Unknown
NPST,Network People Services Technologies Limited,Unknown
NRAIL,N R Agarwal Industries Limited,Unknown
NRBBEARING,NRB Bearing Limited,Unknown
NSIL,Nalwa Sons Investments Limited,Unknown
NSLNISP,NMDC Steel Limited,Unknown
NTPC,NTPC Limited,Unknown
NTPCGREEN,NTPC Green Energy Limited,Unknown
NUCLEUS,Nucleus Software Exports Limited,Unknown
NURECA,Nureca Limited,Unknown
NUVAMA,Nuvama Wealth Management Limited,Unknown
NUVOCO,Nuvoco Vistas Corporation Limited,Unknown
NYKAA,FSN E-Commerce Ventures Limited,Unknown
OAL,Oriental Aromatics Limited,Unknown
OBCL,Orissa Bengal Carrier Limited,Unknown
OBEROIRLTY,Oberoi Realty Limited,Unknown
ODIGMA,Odigma Consultancy Solutions Limited,Unknown
OFSS,Oracle Financial Services Software Limited,Unknown
OIL,Oil India Limited,Unknown
OLAELEC,Ola Electric Mobility Limited,Unknown
OLECTRA,Olectra Greentech Limited,Unknown
OMAXE,Omaxe Limited,Unknown
OMFREIGHT,Om Freight Forwarders Limited,Unknown
OMINFRAL,OM INFRA LIMITED,Unknown
OMNI,Omnitech Engineering Limited,Unknown
OMPOWER,Om Power Transmission Limited,Unknown
ONEPOINT,One Point One Solutions Limited,Unknown
ONESOURCE,Onesource Specialty Pharma Limited,Unknown
ONGC,Oil & Natural Gas Corporation Limited,Unknown
ONMOBILE,OnMobile Global Limited,Unknown
ONWARDTEC,Onward Technologies Limited,Unknown
OPTIEMUS,Optiemus Infracom Limited,Unknown
ORBTEXP,Orbit Exports Limited,Unknown
ORCHASP,Orchasp Limited,Unknown
ORCHPHARMA,Orchid Pharma Limited,Unknown
ORICONENT,Oricon Enterprises Limited,Unknown
ORIENTALTL,Oriental Trimex Limited,Unknown
ORIENTBELL,Orient Bell Limited,Unknown
ORIENTCEM,Orient Cement Limited,Unknown
ORIENTCER,ORIENT CERATECH LIMITED,Unknown
ORIENTELEC,Orient Electric Limited,Unknown
ORIENTHOT,Oriental Hotels Limited,Unknown
ORIENTLTD,Orient Press Limited,Unknown
ORIENTPPR,Orient Paper & Industries Limited,Unknown
ORIENTTECH,Orient Technologies Limited,Unknown
ORISSAMINE,The Orissa Minerals Development Company Limited,Unknown
ORKLAINDIA,Orkla India Limited,Unknown
OSWALGREEN,Oswal Greentech Limited,Unknown
OSWALPUMPS,Oswal Pumps Limited,Unknown
OSWALSEEDS,ShreeOswal Seeds And Chemicals Limited,Unknown
PACEDIGITK,Pace Digitek Limited,Unknown
PAGEIND,Page Industries Limited,Unknown
PAISALO,Paisalo Digital Limited,Unknown
PAKKA,PAKKA LIMITED,Unknown
PALASHSECU,Palash Securities Limited,Unknown
PANACEABIO,Panacea Biotec Limited,Unknown
PANACHE,Panache Digilife Limited,Unknown
PANAMAPET,Panama Petrochem Limited,Unknown
PANSARI,Pansari Developers Limited,Unknown
PAR,Par Drugs And Chemicals Limited,Unknown
PARACABLES,Paramount Communications Limited,Unknown
PARADEEP,Paradeep Phosphates Limited,Unknown
PARAGMILK,Parag Milk Foods Limited,Unknown
PARAS,Paras Defence and Space Technologies Limited,Unknown
PARASPETRO,Paras Petrofils Limited,Unknown
PARKHOSPS,Park Medi World Limited,Unknown
PARKHOTELS,Apeejay Surrendra Park Hotels Limited,Unknown
PASHUPATI,Pashupati Cotspin Limited,Unknown
PATANJALI,Patanjali Foods Limited,Unknown
PATELENG,Patel Engineering Limited,Unknown
PATELRMART,Patel Retail Limited,Unknown
PATINTLOG,Patel Integrated Logistics Limited,Unknown
PAUSHAKLTD,Paushak Limited,Unknown
PAYTM,One 97 Communications Limited,Unknown
PCBL,PCBL Chemical Limited,Unknown
PCJEWELLER,PC Jeweller Limited,Unknown
PDMJEPAPER,Pudumjee Paper Products Limited,Unknown
PDSL,PDS Limited,Unknown
PENIND,Pennar Industries Limited,Unknown
PERSISTENT,Persistent Systems Limited,Unknown
PETRONET,Petronet LNG Limited,Unknown
PFC,Power Finance Corporation Limited,Unknown
PFIZER,Pfizer Limited,Unknown
PFS,PTC India Financial Services Limited,Unknown
PGEL,PG Electroplast Limited,Unknown
PGHH,Procter & Gamble Hygiene and Health Care Limited,Unknown
PGHL,Procter & Gamble Health Limited,Unknown
PGIL,Pearl Global Industries Limited,Unknown
PHOENIXLTD,The Phoenix Mills Limited,Unknown
PICCADIL,Piccadily Agro Industries Limited,Unknown
PIDILITIND,Pidilite Industries Limited,Unknown
PIGL,Power & Instrumentation (Gujarat) Limited,Unknown
PIIND,PI Industries Limited,Unknown
PILANIINVS,Pilani Investment and Industries Corporation Limited,Unknown
PINELABS,Pine Labs Limited,Unknown
PIONEEREMB,Pioneer Embroideries Limited,Unknown
PIONRINV,Pioneer Investcorp Limited,Unknown
PIRAMALFIN,Piramal Finance Limited,Unknown
PITTIENG,Pitti Engineering Limited,Unknown
PIXTRANS,Pix Transmissions Limited,Unknown
PKTEA,The Peria Karamalai Tea & Produce Company Limited,Unknown
PLASTIBLEN,Plastiblends India Limited,Unknown
PLATIND,Platinum Industries Limited,Unknown
PML,Paul Merchants Limited,Unknown
PNB,Punjab National Bank,Unknown
PNBGILTS,PNB Gilts Limited,Unknown
PNBHOUSING,PNB Housing Finance Limited,Unknown
PNC,Pritish Nandy Communications Limited,Unknown
PNCINFRA,PNC Infratech Limited,Unknown
PNGJL,P N Gadgil Jewellers Limited,Unknown
PNGSREVA,PNGS Reva Diamond Jewellery Limited,Unknown
POCL,Pondy Oxides & Chemicals Limited,Unknown
PODDARMENT,Poddar Pigments Limited,Unknown
POKARNA,Pokarna Limited,Unknown
POLICYBZR,PB Fintech Limited,Unknown
POLYCAB,Polycab India Limited,Unknown
POLYMED,Poly Medicure Limited,Unknown
POLYPLEX,Polyplex Corporation Limited,Unknown
PONNIERODE,Ponni Sugars (Erode) Limited,Unknown
POONAWALLA,Poonawalla Fincorp Limited,Unknown
POWERGRID,Power Grid Corporation of India Limited,Unknown
POWERICA,Powerica Limited,Unknown
POWERINDIA,Hitachi Energy India Limited,Unknown
POWERMECH,Power Mech Projects Limited,Unknown
PPAP,PPAP Automotive Limited,Unknown
PPL,Prakash Pipes Limited,Unknown
PPLPHARMA,Piramal Pharma Limited,Unknown
PRABHA,Prabha Energy Limited,Unknown
PRADPME,Pradeep Metals Limited,Unknown
PRAENG,Prajay Engineers Syndicate Limited,Unknown
PRAJIND,Praj Industries Limited,Unknown
PRAKASH,Prakash Industries Limited,Unknown
PRAKASHSTL,Prakash Steelage Limited,Unknown
PRAVEG,Praveg Limited,Unknown
PRECAM,Precision Camshafts Limited,Unknown
PRECOT,Precot Limited,Unknown
PRECWIRE,Precision Wires India Limited,Unknown
PREMCO,Premco Global Limited,Unknown
PREMEXPLN,Premier Explosives Limited,Unknown
PREMIERENE,Premier Energies Limited,Unknown
PRESTIGE,Prestige Estates Projects Limited,Unknown
PRICOLLTD,Pricol Limited,Unknown
PRIMESECU,Prime Securities Limited,Unknown
PRIMO,Primo Chemicals Limited,Unknown
PRINCEPIPE,Prince Pipes And Fittings Limited,Unknown
PRITIKAUTO,Pritika Auto Industries Limited,Unknown
PRIVISCL,Privi Speciality Chemicals Limited,Unknown
PROSTARM,Prostarm Info Systems Limited,Unknown
PROTEAN,Protean eGov Technologies Limited,Unknown
PROZONER,Prozone Realty Limited,Unknown
PRSMJOHNSN,Prism Johnson Limited,Unknown
PRUDENT,Prudent Corporate Advisory Services Limited,Unknown
PSB,Punjab & Sind Bank,Unknown
PSPPROJECT,PSP Projects Limited,Unknown
PTC,PTC India Limited,Unknown
PTCIL,PTC Industries Limited,Unknown
PTL,PTL Enterprises Limited,Unknown
PUNJABCHEM,Punjab Chemicals & Crop Protection Limited,Unknown
PURVA,Puravankara Limited,Unknown
PVP,PVP Ventures Limited,Unknown
PVRINOX,PVR INOX Limited,Unknown
PVSL,Popular Vehicles and Services Limited,Unknown
PWL,Physicswallah Limited,Unknown
PYRAMID,Pyramid Technoplast Limited,Unknown
QMSMEDI,QMS Medical Allied Services Limited,Unknown
QUADFUTURE,Quadrant Future Tek Limited,Unknown
QUESS,Quess Corp Limited,Unknown
QUINT,Quint Digital Limited,Unknown
RACLGEAR,RACL Geartech Limited,Unknown
RADAAN,Radaan Mediaworks India Limited,Unknown
RADHIKAJWE,Radhika Jeweltech Limited,Unknown
RADIANTCMS,Radiant Cash Management Services Limited,Unknown
RADICO,Radico Khaitan Limited,Unknown
RADIOCITY,Music Broadcast Limited,Unknown
RAILTEL,Railtel Corporation Of India Limited,Unknown
RAIN,Rain Industries Limited,Unknown
RAINBOW,Rainbow Childrens Medicare Limited,Unknown
RAJMET,Rajnandini Metal Limited,Unknown
RAJOOENG,Rajoo Engineers Limited,Unknown
RAJPALAYAM,Rajapalayam Mills Limited,Unknown
RAJRATAN,Rajratan Global Wire Limited,Unknown
RAJSREESUG,Rajshree Sugars & Chemicals Limited,Unknown
RAJTV,Raj Television Network Limited,Unknown
RALLIS,Rallis India Limited,Unknown
RAMANEWS,Shree Rama Newsprint Limited,Unknown
RAMAPHO,Rama Phosphates Limited,Unknown
RAMASTEEL,Rama Steel Tubes Limited,Unknown
RAMCOCEM,The Ramco Cements Limited,Unknown
RAMCOIND,Ramco Industries Limited,Unknown
RAMCOSYS,Ramco Systems Limited,Unknown
RAMKY,Ramky Infrastructure Limited,Unknown
RAMRAT,Ram Ratna Wires Limited,Unknown
RANASUG,Rana Sugars Limited,Unknown
RANEHOLDIN,Rane Holdings Limited,Unknown
RATEGAIN,Rategain Travel Technologies Limited,Unknown
RATNAMANI,Ratnamani Metals & Tubes Limited,Unknown
RATNAVEER,Ratnaveer Precision Engineering Limited,Unknown
RAYMOND,Raymond Limited,Unknown
RAYMONDLSL,Raymond Lifestyle Limited,Unknown
RAYMONDREL,Raymond Realty Limited,Unknown
RBA,Restaurant Brands Asia Limited,Unknown
RBLBANK,RBL Bank Limited,Unknown
RBZJEWEL,RBZ Jewellers Limited,Unknown
RCF,Rashtriya Chemicals and Fertilizers Limited,Unknown
RECLTD,REC Limited,Unknown
REDINGTON,Redington Limited,Unknown
REDTAPE,Redtape Limited,Unknown
REFEX,Refex Industries Limited,Unknown
REGENCERAM,Regency Ceramics Limited,Unknown
RELAXO,Relaxo Footwears Limited,Unknown
RELCHEMQ,Reliance Chemotex Industries Limited,Unknown
RELIABLE,Reliable Data Services Limited,Unknown
RELIANCE,Reliance Industries Limited,Unknown
RELIGARE,Religare Enterprises Limited,Unknown
RELTD,Ravindra Energy Limited,Unknown
REMSONSIND,Remsons Industries Limited,Unknown
RENUKA,Shree Renuka Sugars Limited,Unknown
REPCOHOME,Repco Home Finance Limited,Unknown
REPRO,Repro India Limited,Unknown
RESPONIND,Responsive Industries Limited,Unknown
RETAIL,JHS Svendgaard Retail Ventures Limited,Unknown
RGL,Renaissance Global Limited,Unknown
RHETAN,Rhetan TMT Limited,Unknown
RHIM,RHI MAGNESITA INDIA LIMITED,Unknown
RHL,Robust Hotels Limited,Unknown
RICOAUTO,Rico Auto Industries Limited,Unknown
RIIL,Reliance Industrial Infrastructure Limited,Unknown
RISHABH,Rishabh Instruments Limited,Unknown
RITCO,Ritco Logistics Limited,Unknown
RITES,RITES Limited,Unknown
RKDL,Ravi Kumar Distilleries Limited,Unknown
RKEC,RKEC Projects Limited,Unknown
RKFORGE,Ramkrishna Forgings Limited,Unknown
RKSWAMY,R K Swamy Limited,Unknown
RMDRIP,R M Drip and Sprinklers Systems Limited,Unknown
RML,Rane (Madras) Limited,Unknown
RNBDENIMS,R&B Denims Limited,Unknown
ROHLTD,Royal Orchid Hotels Limited,Unknown
ROLEXRINGS,Rolex Rings Limited,Unknown
ROML,Raj Oil Mills Limited,Unknown
ROSSARI,Rossari Biotech Limited,Unknown
ROSSELLIND,Rossell India Limited,Unknown
ROSSTECH,Rossell Techsys Limited,Unknown
ROTO,Roto Pumps Limited,Unknown
ROUTE,ROUTE MOBILE LIMITED,Unknown
RPEL,Raghav Productivity Enhancers Limited,Unknown
RPGLIFE,RPG Life Sciences Limited,Unknown
RPOWER,Reliance Power Limited,Unknown
RPPINFRA,R.P.P. Infra Projects Limited,Unknown
RPPL,Rajshree Polypack Limited,Unknown
RPSGVENT,RPSG VENTURES LIMITED,Unknown
RPTECH,Rashi Peripherals Limited,Unknown
RRIL,RRIL Limited,Unknown
RRKABEL,R R Kabel Limited,Unknown
RSDFIN,RSD Finance Limited,Unknown
RSL,Rajputana Stainless Limited,Unknown
RSYSTEMS,R Systems International Limited,Unknown
RTNINDIA,RattanIndia Enterprises Limited,Unknown
RTNPOWER,RattanIndia Power Limited,Unknown
RUBFILA,Rubfila International Limited,Unknown
RUBICON,Rubicon Research Limited,Unknown
RUCHINFRA,Ruchi Infrastructure Limited,Unknown
RUCHIRA,Ruchira Papers Limited,Unknown
RUPA,Rupa & Company Limited,Unknown
RUSHIL,Rushil Decor Limited,Unknown
RUSTOMJEE,Keystone Realtors Limited,Unknown
RVHL,Ravinder Heights Limited,Unknown
RVNL,Rail Vikas Nigam Limited,Unknown
RVTH,Revathi Equipment India Limited,Unknown
SAATVIKGL,Saatvik Green Energy Limited,Unknown
SADBHAV,Sadbhav Engineering Limited,Unknown
SAFARI,Safari Industries (India) Limited,Unknown
SAGARDEEP,Sagardeep Alloys Limited,Unknown
SAGCEM,Sagar Cements Limited,Unknown
SAGILITY,SAGILITY LIMITED,Unknown
SAHLIBHFI,Shalibhadra Finance Limited,Unknown
SAHYADRI,Sahyadri Industries Limited,Unknown
SAIL,Steel Authority of India Limited,Unknown
SAILIFE,Sai Life Sciences Limited,Unknown
SAIPARENT,Sai Parenterals Limited,Unknown
SAKAR,Sakar Healthcare Limited,Unknown
SAKHTISUG,Sakthi Sugars Limited,Unknown
SAKSOFT,Saksoft Limited,Unknown
SALASAR,Salasar Techno Engineering Limited,Unknown
SALONA,Salona Cotspin Limited,Unknown
SALZERELEC,Salzer Electronics Limited,Unknown
SAMBHAAV,Sambhaav Media Limited,Unknown
SAMBHV,Sambhv Steel Tubes Limited,Unknown
SAMHI,Samhi Hotels Limited,Unknown
SAMMAANCAP,Sammaan Capital Limited,Unknown
SAMPANN,Sampann Utpadan India Limited,Unknown
SANATHAN,Sanathan Textiles Limited,Unknown
SANDESH,The Sandesh Limited,Unknown
SANDHAR,Sandhar Technologies Limited,Unknown
SANDUMA,Sandur Manganese & Iron Ores Limited,Unknown
SANGAMIND,Sangam (India) Limited,Unknown
SANGHVIMOV,Sanghvi Movers Limited,Unknown
SANOFI,Sanofi India Limited,Unknown
SANOFICONR,Sanofi Consumer Healthcare India Limited,Unknown
SANSERA,Sansera Engineering Limited,Unknown
SANSTAR,Sanstar Limited,Unknown
SAPPHIRE,Sapphire Foods India Limited,Unknown
SAPPL,Shree Ajit Pulp & Paper Limited,Unknown
SARDAEN,Sarda Energy & Minerals Limited,Unknown
SAREGAMA,Saregama India Limited,Unknown
SARLAPOLY,Sarla Performance Fibers Limited,Unknown
SASKEN,Sasken Technologies Limited,Unknown
SATIA,Satia Industries Limited,Unknown
SATIN,Satin Creditcare Network Limited,Unknown
SAURASHCEM,Saurashtra Cement Limited,Unknown
SAYAJIHOTL,Sayaji Hotels Limited,Unknown
SBC,SBC Exports Limited,Unknown
SBCL,Shivalik Bimetal Controls Limited,Unknown
SBFC,SBFC Finance Limited,Unknown
SBGLP,Suratwwala Business Group Limited,Unknown
SBICARD,SBI Cards and Payment Services Limited,Unknown
SBILIFE,SBI Life Insurance Company Limited,Unknown
SBIN,State Bank of India,Unknown
SCANSTL,Scan Steels Limited,Unknown
SCHAEFFLER,Schaeffler India Limited,Unknown
SCHAND,S Chand And Company Limited,Unknown
SCHNEIDER,Schneider Electric Infrastructure Limited,Unknown
SCI,Shipping Corporation Of India Limited,Unknown
SCILAL,Shipping Corporation of India Land and Assets Limited,Unknown
SCODATUBES,Scoda Tubes Limited,Unknown
SCPL,Sheetal Cool Products Limited,Unknown
SDBL,Som Distilleries & Breweries Limited,Unknown
SEAMECLTD,Seamec Limited,Unknown
SECMARK,SecMark Consultancy Limited,Unknown
SECURKLOUD,SECUREKLOUD TECHNOLOGIES LIMITED,Unknown
SEDEMAC,SEDEMAC Mechatronics Limited,Unknown
SEIL,Shanti Educational Initiatives Limited,Unknown
SELMC,SEL Manufacturing Company Limited,Unknown
SENCO,Senco Gold Limited,Unknown
SENORES,Senores Pharmaceuticals Limited,Unknown
SEPC,SEPC Limited,Unknown
SERVOTECH,Servotech Renewable Power System Limited,Unknown
SESHAPAPER,Seshasayee Paper and Boards Limited,Unknown
SETL,Standard Engineering Technology Limited,Unknown
SFL,Sheela Foam Limited,Unknown
SGFIN,SG Finserve Limited,Unknown
SGIL,Synergy Green Industries Limited,Unknown
SGL,STL Global Limited,Unknown
SGMART,SG Mart Limited,Unknown
SHADOWFAX,Shadowfax Technologies Limited,Unknown
SHAH,Shah Metacorp Limited,Unknown
SHAHALLOYS,Shah Alloys Limited,Unknown
SHAILY,Shaily Engineering Plastics Limited,Unknown
SHAKTIPUMP,Shakti Pumps (India) Limited,Unknown
SHALBY,Shalby Limited,Unknown
SHALPAINTS,Shalimar Paints Limited,Unknown
SHANTI,Shanti Overseas (India) Limited,Unknown
SHANTIGEAR,Shanthi Gears Limited,Unknown
SHANTIGOLD,Shanti Gold International Limited,Unknown
SHARDACROP,Sharda Cropchem Limited,Unknown
SHARDAMOTR,Sharda Motor Industries Limited,Unknown
SHARDUL,Shardul Securities Limited,Unknown
SHAREINDIA,Share India Securities Limited,Unknown
SHBAJRG,Shri Bajrang Alliance Limited,Unknown
SHEMAROO,Shemaroo Entertainment Limited,Unknown
SHILCTECH,Shilchar Technologies Limited,Unknown
SHILPAMED,Shilpa Medicare Limited,Unknown
SHINDL,Sharat Industries Limited,Unknown
SHIVATEX,Shiva Texyarn Limited,Unknown
SHIVAUM,Shiv Aum Steels Limited,Unknown
SHK,S H Kelkar and Company Limited,Unknown
SHOPERSTOP,Shoppers Stop Limited,Unknown
SHRADHA,Shradha Realty Limited,Unknown
SHREDIGCEM,Shree Digvijay Cement Co.Ltd,Unknown
SHREECEM,SHREE CEMENT LIMITED,Unknown
SHREEJISPG,Shreeji Shipping Global Limited,Unknown
SHREEPUSHK,Shree Pushkar Chemicals & Fertilisers Limited,Unknown
SHREERAMA,Shree Rama Multi-Tech Limited,Unknown
SHREYANIND,Shreyans Industries Limited,Unknown
SHRIKRISH,Shri Krishna Devcon Limited,Unknown
SHRINGARMS,Shringar House of Mangalsutra Limited,Unknown
SHRIPISTON,Shriram Pistons & Rings Limited,Unknown
SHRIRAMFIN,Shriram Finance Limited,Unknown
SHRIRAMPPS,Shriram Properties Limited,Unknown
SHYAMCENT,Shyam Century Ferrous Limited,Unknown
SHYAMMETL,Shyam Metalics and Energy Limited,Unknown
SICAGEN,Sicagen India Limited,Unknown
SIEMENS,Siemens Limited,Unknown
SIGIND,Signet Industries Limited,Unknown
SIGMA,Sigma Solve Limited,Unknown
SIGNATURE,Signatureglobal (India) Limited,Unknown
SIGNPOST,Signpost India Limited,Unknown
SIKA,Sika Interplant Systems Limited,Unknown
SIKKO,Sikko Industries Limited,Unknown
SIL,Standard Industries Limited,Unknown
SILGO,Silgo Retail Limited,Unknown
SILINV,SIL Investments Limited,Unknown
SILLYMONKS,Silly Monks Entertainment Limited,Unknown
SILVERTUC,Silver Touch Technologies Limited,Unknown
SIMPLEXINF,Simplex Infrastructures Limited,Unknown
SINCLAIR,Sinclairs Hotels Limited,Unknown
SINDHUTRAD,Sindhu Trade Links Limited,Unknown
SINGERIND,Singer India Limited,Unknown
SINTERCOM,Sintercom India Limited,Unknown
SIRCA,Sirca Paints India Limited,Unknown
SIS,SIS LIMITED,Unknown
SIYSIL,Siyaram Silk Mills Limited,Unknown
SJS,S.J.S. Enterprises Limited,Unknown
SJVN,SJVN Limited,Unknown
SKFINDIA,SKF India Limited,Unknown
SKFINDUS,SKF India (Industrial) Limited,Unknown
SKIPPER,Skipper Limited,Unknown
SKMEGGPROD,SKM Egg Products Export (India) Limited,Unknown
SKYGOLD,SKY GOLD AND DIAMONDS LIMITED,Unknown
SMARTWORKS,Smartworks Coworking Spaces Limited,Unknown
SMCGLOBAL,SMC Global Securities Limited,Unknown
SMLMAH,SML Mahindra Limited,Unknown
SMLT,Sarthak Metals Limited,Unknown
SMSPHARMA,SMS Pharmaceuticals Limited,Unknown
SNOWMAN,Snowman Logistics Limited,Unknown
SOBHA,Sobha Limited,Unknown
SOLARA,Solara Active Pharma Sciences Limited,Unknown
SOLARINDS,Solar Industries India Limited,Unknown
SOLARWORLD,Solarworld Energy Solutions Limited,Unknown
SOLEX,Solex Energy Limited,Unknown
SOMANYCERA,Somany Ceramics Limited,Unknown
SOMATEX,Soma Textiles & Industries Limited,Unknown
SOMICONVEY,Somi Conveyor Beltings Limited,Unknown
SONACOMS,Sona BLW Precision Forgings Limited,Unknown
SONAL,Sonal Mercantile Limited,Unknown
SONAMLTD,SONAM LIMITED,Unknown
SONATSOFTW,Sonata Software Limited,Unknown
SOTL,Savita Oil Technologies Limited,Unknown
SOUTHBANK,The South Indian Bank Limited,Unknown
SOUTHWEST,South West Pinnacle Exploration Limited,Unknown
SPAL,S. P. Apparels Limited,Unknown
SPANDANA,Spandana Sphoorty Financial Limited,Unknown
SPARC,Sun Pharma Advanced Research Company Limited,Unknown
SPCENET,Spacenet Enterprises India Limited,Unknown
SPECIALITY,Speciality Restaurants Limited,Unknown
SPECTRUM,Spectrum Electrical Industries Limited,Unknown
SPENCERS,Spencer's Retail Limited,Unknown
SPIC,Southern Petrochemicals Industries Corporation  Limited,Unknown
SPLIL,SPL Industries Limited,Unknown
SPLPETRO,Supreme Petrochem Limited,Unknown
SPMLINFRA,SPML Infra Limited,Unknown
SPORTKING,Sportking India Limited,Unknown
SRD,Shankar Lal Rampal Dye-Chem Limited,Unknown
SREEL,Sreeleathers Limited,Unknown
SRF,SRF Limited,Unknown
SRGHFL,SRG Housing Finance Limited,Unknown
SRHHYPOLTD,Sree Rayalaseema Hi-Strength Hypo Limited,Unknown
SRM,SRM Contractors Limited,Unknown
SRTL,Shree Ram Twistex Limited,Unknown
SSDL,Saraswati Saree Depot Limited,Unknown
SSWL,Steel Strips Wheels Limited,Unknown
STALLION,Stallion India Fluorochemicals Limited,Unknown
STANLEY,Stanley Lifestyles Limited,Unknown
STAR,Strides Pharma Science Limited,Unknown
STARCEMENT,Star Cement Limited,Unknown
STARHEALTH,Star Health and Allied Insurance Company Limited,Unknown
STARPAPER,Star Paper Mills Limited,Unknown
STARTECK,Starteck Finance Limited,Unknown
STCINDIA,The State Trading Corporation of India Limited,Unknown
STEELCAS,Steelcast Limited,Unknown
STEELCITY,Steel City Securities Limited,Unknown
STEELXIND,STEEL EXCHANGE INDIA LIMITED,Unknown
STEL,Stel Holdings Limited,Unknown
STERTOOLS,Sterling Tools Limited,Unknown
STOVEKRAFT,Stove Kraft Limited,Unknown
STUDDS,Studds Accessories Limited,Unknown
STYL,Seshaasai Technologies Limited,Unknown
STYLAMIND,Stylam Industries Limited,Unknown
STYRENIX,Styrenix Performance Materials Limited,Unknown
SUBROS,Subros Limited,Unknown
SUDARCOLOR,Sudarshan Colorants India Limited,Unknown
SUDARSCHEM,Sudarshan Chemical Industries Limited,Unknown
SUDEEPPHRM,Sudeep Pharma Limited,Unknown
SUKHJITS,Sukhjit Starch & Chemicals Limited,Unknown
SULA,Sula Vineyards Limited,Unknown
SUMEETINDS,Sumeet Industries Limited,Unknown
SUMICHEM,Sumitomo Chemical India Limited,Unknown
SUMMITSEC,Summit Securities Limited,Unknown
SUNCLAY,Sundaram Clayton Limited,Unknown
SUNDARAM,Sundaram Multi Pap Limited,Unknown
SUNDARMFIN,Sundaram Finance Limited,Unknown
SUNDRMBRAK,Sundaram Brake Linings Limited,Unknown
SUNDRMFAST,Sundram Fasteners Limited,Unknown
SUNDROP,Sundrop Brands Limited,Unknown
SUNFLAG,Sunflag Iron And Steel Company Limited,Unknown
SUNPHARMA,Sun Pharmaceutical Industries Limited,Unknown
SUNTECK,Sunteck Realty Limited,Unknown
SUNTV,Sun TV Network Limited,Unknown
SUPERHOUSE,Superhouse Limited,Unknown
SUPRAJIT,Suprajit Engineering Limited,Unknown
SUPREME,Supreme Holdings & Hospitality (India) Limited,Unknown
SUPREMEIND,Supreme Industries Limited,Unknown
SUPREMEINF,Supreme Infrastructure India Limited,Unknown
SUPRIYA,Supriya Lifescience Limited,Unknown
SURAJEST,Suraj Estate Developers Limited,Unknown
SURAJLTD,Suraj Limited,Unknown
SURAKSHA,Suraksha Diagnostic Limited,Unknown
SURANASOL,Surana Solar Limited,Unknown
SURANAT&P,Surana Telecom and Power Limited,Unknown
SURYALA,Suryalata Spinning Mills Limited,Unknown
SURYALAXMI,Suryalakshmi Cotton Mills Limited,Unknown
SURYAROSNI,Surya Roshni Limited,Unknown
SURYODAY,Suryoday Small Finance Bank Limited,Unknown
SUTLEJTEX,Sutlej Textiles and Industries Limited,Unknown
SUVEN,Suven Life Sciences Limited,Unknown
SUVIDHAA,Suvidhaa Infoserve Limited,Unknown
SUYOG,Suyog Telematics Limited,Unknown
SUZLON,Suzlon Energy Limited,Unknown
SWANCORP,SWAN CORP LIMITED,Unknown
SWARAJENG,Swaraj Engines Limited,Unknown
SWELECTES,Swelect Energy Systems Limited,Unknown
SWIGGY,Swiggy Limited,Unknown
SWSOLAR,Sterling and Wilson Renewable Energy Limited,Unknown
SYMPHONY,Symphony Limited,Unknown
SYNCOMF,Syncom Formulations (India) Limited,Unknown
SYNGENE,Syngene International Limited,Unknown
SYRMA,Syrma SGS Technology Limited,Unknown
TAALTECH,Taal Tech Limited,Unknown
TAINWALCHM,Tainwala Chemical and Plastic (I) Limited,Unknown
TAJGVK,Taj GVK Hotels & Resorts Limited,Unknown
TALBROAUTO,Talbros Automotive Components Limited,Unknown
TAMBOLIIN,Tamboli Industries Limited,Unknown
TANLA,Tanla Platforms Limited,Unknown
TARACHAND,Tara Chand InfraLogistic Solutions Limited,Unknown
TARAPUR,Tarapur Transformers Limited,Unknown
TARC,TARC Limited,Unknown
TARIL,Transformers And Rectifiers (India) Limited,Unknown
TARMAT,Tarmat Limited,Unknown
TARSONS,Tarsons Products Limited,Unknown
TASTYBITE,Tasty Bite Eatables Limited,Unknown
TATACAP,Tata Capital Limited,Unknown
TATACHEM,Tata Chemicals Limited,Unknown
TATACOMM,Tata Communications Limited,Unknown
TATACONSUM,TATA CONSUMER PRODUCTS LIMITED,Unknown
TATAELXSI,Tata Elxsi Limited,Unknown
TATAINVEST,Tata Investment Corporation Limited,Unknown
TATAPOWER,Tata Power Company Limited,Unknown
TATASTEEL,Tata Steel Limited,Unknown
TATATECH,Tata Technologies Limited,Unknown
TATVA,Tatva Chintan Pharma Chem Limited,Unknown
TBOTEK,TBO Tek Limited,Unknown
TBZ,Tribhovandas Bhimji Zaveri Limited,Unknown
TCC,TCC Concept Limited,Unknown
TCI,Transport Corporation of India Limited,Unknown
TCIEXP,TCI Express Limited,Unknown
TCPLPACK,TCPL Packaging Limited,Unknown
TCS,Tata Consultancy Services Limited,Unknown
TDPOWERSYS,TD Power Systems Limited,Unknown
TEAMGTY,Team India Guaranty Limited,Unknown
TEAMLEASE,Teamlease Services Limited,Unknown
TECHM,Tech Mahindra Limited,Unknown
TECHNOE,Techno Electric & Engineering Company Limited,Unknown
TECHNVISN,TechNVision Ventures Limited,Unknown
TECILCHEM,TECIL Chemicals and Hydro Power Limited,Unknown
TEGA,Tega Industries Limited,Unknown
TEJASNET,Tejas Networks Limited,Unknown
TEMBO,Tembo Global Industries Limited,Unknown
TENNIND,Tenneco Clean Air India Limited,Unknown
TERASOFT,Tera Software Limited,Unknown
TEXINFRA,Texmaco Infrastructure & Holdings Limited,Unknown
TEXMOPIPES,Texmo Pipes and Products Limited,Unknown
TEXRAIL,Texmaco Rail & Engineering Limited,Unknown
TFCILTD,Tourism Finance Corporation of India Limited,Unknown
TFL,Transwarranty Finance Limited,Unknown
TGBHOTELS,TGB Banquets And Hotels Limited,Unknown
THAKDEV,Thakkers Developers Limited,Unknown
THANGAMAYL,Thangamayil Jewellery Limited,Unknown
THEINVEST,The Investment Trust Of India Limited,Unknown
THEJO,Thejo Engineering Limited,Unknown
THELEELA,Leela Palaces Hotels & Resorts Limited,Unknown
THEMISMED,Themis Medicare Limited,Unknown
THERMAX,Thermax Limited,Unknown
THOMASCOOK,Thomas Cook  (India)  Limited,Unknown
THOMASCOTT,Thomas Scott (India) Limited,Unknown
THYROCARE,Thyrocare Technologies Limited,Unknown
TI,Tilaknagar Industries Limited,Unknown
TICL,Twamev Construction and Infrastructure Limited,Unknown
TIIL,Technocraft Industries (India) Limited,Unknown
TIINDIA,Tube Investments of India Limited,Unknown
TIJARIA,Tijaria Polypipes Limited,Unknown
TIL,TIL Limited,Unknown
TIMETECHNO,Time Technoplast Limited,Unknown
TIMEX,Timex Group India Limited,Unknown
TIMKEN,Timken India Limited,Unknown
TINNARUBR,Tinna Rubber and Infrastructure Limited,Unknown
TIPSFILMS,Tips Films Limited,Unknown
TIPSMUSIC,Tips Music Limited,Unknown
TIRUMALCHM,Thirumalai Chemicals Limited,Unknown
TITAGARH,TITAGARH RAIL SYSTEMS LIMITED,Unknown
TITAN,Titan Company Limited,Unknown
TMB,Tamilnad Mercantile Bank Limited,Unknown
TMCV,Tata Motors Limited,Unknown
TMPV,Tata Motors Passenger Vehicles Limited,Unknown
TNPETRO,Tamilnadu PetroProducts Limited,Unknown
TNPL,Tamil Nadu Newsprint & Papers Limited,Unknown
TNTELE,Tamilnadu Telecommunication Limited,Unknown
TOLINS,Tolins Tyres Limited,Unknown
TORNTPHARM,Torrent Pharmaceuticals Limited,Unknown
TORNTPOWER,Torrent Power Limited,Unknown
TOTAL,Total Transport Systems Limited,Unknown
TOUCHWOOD,Touchwood Entertainment Limited,Unknown
TPHQ,Teamo Productions HQ Limited,Unknown
TPLPLASTEH,TPL Plastech Limited,Unknown
TRACXN,Tracxn Technologies Limited,Unknown
TRANSPEK,Transpek Industry Limited,Unknown
TRANSRAILL,Transrail Lighting Limited,Unknown
TRAVELFOOD,Travel Food Services Limited,Unknown
TREEHOUSE,Tree House Education & Accessories Limited,Unknown
TREJHARA,TREJHARA SOLUTIONS LIMITED,Unknown
TREL,Transindia Real Estate Limited,Unknown
TRENT,Trent Limited,Unknown
TRF,TRF Limited,Unknown
TRIDENT,Trident Limited,Unknown
TRIGYN,Trigyn Technologies Limited,Unknown
TRITURBINE,Triveni Turbine Limited,Unknown
TRIVENI,Triveni Engineering & Industries Limited,Unknown
TRU,TruCap Finance Limited,Unknown
TRUALT,TruAlt Bioenergy Limited,Unknown
TSFINV,TSF INVESTMENTS LIMITED,Unknown
TTKHLTCARE,TTK Healthcare Limited,Unknown
TTKPRESTIG,TTK Prestige Limited,Unknown
TTL,T T Limited,Unknown
TTML,Tata Teleservices (Maharashtra) Limited,Unknown
TVSELECT,TVS Electronics Limited,Unknown
TVSHLTD,TVS Holdings Limited,Unknown
TVSMOTOR,TVS Motor Company Limited,Unknown
TVSSCS,TVS Supply Chain Solutions Limited,Unknown
TVSSRICHAK,TVS Srichakra Limited,Unknown
TVTODAY,TV Today Network Limited,Unknown
TVVISION,TV Vision Limited,Unknown
UBL,United Breweries Limited,Unknown
UCAL,UCAL LIMITED,Unknown
UCOBANK,UCO Bank,Unknown
UDS,Updater Services Limited,Unknown
UEL,Ujaas Energy Limited,Unknown
UFBL,United Foodbrands Limited,Unknown
UFLEX,UFLEX Limited,Unknown
UFO,UFO Moviez India Limited,Unknown
UGARSUGAR,The Ugar Sugar Works Limited,Unknown
UGROCAP,Ugro Capital Limited,Unknown
UJJIVANSFB,Ujjivan Small Finance Bank Limited,Unknown
ULTRACEMCO,UltraTech Cement Limited,Unknown
ULTRAMAR,Ultramarine & Pigments Limited,Unknown
UMIYA-MRO,UMIYA BUILDCON LIMITED,Unknown
UNICHEMLAB,Unichem Laboratories Limited,Unknown
UNIECOM,Unicommerce Esolutions Limited,Unknown
UNIENTER,Uniphos Enterprises Limited,Unknown
UNIMECH,Unimech Aerospace and Manufacturing Limited,Unknown
UNIONBANK,Union Bank of India,Unknown
UNIPARTS,Uniparts India Limited,Unknown
UNITDSPR,United Spirits Limited,Unknown
UNITECH,Unitech Limited,Unknown
UNITEDTEA,The United Nilgiri Tea Estates Company Limited,Unknown
UNIVASTU,Univastu India Limited,Unknown
UNIVCABLES,Universal Cables Limited,Unknown
UNOMINDA,UNO Minda Limited,Unknown
UPL,UPL Limited,Unknown
URAVIDEF,Uravi Defence and Technology Limited,Unknown
URBANCO,Urban Company Limited,Unknown
URJA,Urja Global Limited,Unknown
USHAMART,Usha Martin Limited,Unknown
USK,Udayshivakumar Infra Limited,Unknown
UTIAMC,UTI Asset Management Company Limited,Unknown
UTKARSHBNK,Utkarsh Small Finance Bank Limited,Unknown
UTTAMSUGAR,Uttam Sugar Mills Limited,Unknown
UYFINCORP,U. Y. Fincorp Limited,Unknown
V2RETAIL,V2 Retail Limited,Unknown
VADILALIND,Vadilal Industries Limited,Unknown
VAIBHAVGBL,Vaibhav Global Limited,Unknown
VAKRANGEE,Vakrangee Limited,Unknown
VALIANTORG,Valiant Organics Limited,Unknown
VARDHACRLC,Vardhman Acrylics Limited,Unknown
VARDMNPOLY,Vardhman Polytex Limited,Unknown
VARROC,Varroc Engineering Limited,Unknown
VASWANI,Vaswani Industries Limited,Unknown
VBL,Varun Beverages Limited,Unknown
VCL,Vaxtex Cotfab Limited,Unknown
VEDL,Vedanta Limited,Unknown
VEEDOL,Veedol Corporation Limited,Unknown
VELJAN,Veljan Denison Limited,Unknown
VENKEYS,Venky's (India) Limited,Unknown
VENTIVE,Ventive Hospitality Limited,Unknown
VENUSPIPES,Venus Pipes & Tubes Limited,Unknown
VERANDA,Veranda Learning Solutions Limited,Unknown
VESUVIUS,Vesuvius India Limited,Unknown
VGL,VARVEE GLOBAL LIMITED,Unknown
VGUARD,V-Guard Industries Limited,Unknown
VHL,Vardhman Holdings Limited,Unknown
VIDHIING,Vidhi Specialty Food Ingredients Limited,Unknown
VIDYAWIRES,Vidya Wires Limited,Unknown
VIJAYA,Vijaya Diagnostic Centre Limited,Unknown
VIKASECO,Vikas EcoTech Limited,Unknown
VIKASLIFE,Vikas Lifecare Limited,Unknown
VIKRAMSOLR,Vikram Solar Limited,Unknown
VIKRAN,Vikran Engineering Limited,Unknown
VIMTALABS,Vimta Labs Limited,Unknown
VINATIORGA,Vinati Organics Limited,Unknown
VINCOFE,Vintage Coffee And Beverages Limited,Unknown
VINDHYATEL,Vindhya Telelinks Limited,Unknown
VINNY,Vinny Overseas Limited,Unknown
VINYLINDIA,Vinyl Chemicals (India) Limited,Unknown
VIPIND,VIP Industries Limited,Unknown
VIPULLTD,Vipul Limited,Unknown
VIRINCHI,Virinchi Limited,Unknown
VISAKAIND,Visaka Industries Limited,Unknown
VISHNU,Vishnu Chemicals Limited,Unknown
VISHWARAJ,Vishwaraj Sugar Industries Limited,Unknown
VIVIDHA,Visagar Polytex Limited,Unknown
VIYASH,Viyash Scientific Limited,Unknown
VLSFINANCE,VLS Finance Limited,Unknown
VMART,V-Mart Retail Limited,Unknown
VMM,Vishal Mega Mart Limited,Unknown
VOLTAMP,Voltamp Transformers Limited,Unknown
VOLTAS,Voltas Limited,Unknown
VRAJ,Vraj Iron and Steel Limited,Unknown
VRLLOG,VRL Logistics Limited,Unknown
VSSL,Vardhman Special Steels Limited,Unknown
VSTIND,VST Industries Limited,Unknown
VSTL,Vibhor Steel Tubes Limited,Unknown
VSTTILLERS,V.S.T Tillers Tractors Limited,Unknown
VTL,Vardhman Textiles Limited,Unknown
WAAREEENER,Waaree Energies Limited,Unknown
WAAREEINDO,Indosolar Limited,Unknown
WAAREERTL,Waaree Renewable Technologies Limited,Unknown
WABAG,VA Tech Wabag Limited,Unknown
WAKEFIT,Wakefit Innovations Limited,Unknown
WALCHANNAG,Walchandnagar Industries Limited,Unknown
WANBURY,Wanbury Limited,Unknown
WCIL,Western Carriers (India) Limited,Unknown
WEALTH,Wealth First Portfolio Managers Limited,Unknown
WEBELSOLAR,Websol Energy System Limited,Unknown
WEIZMANIND,Weizmann Limited,Unknown
WEL,Wonder Electricals Limited,Unknown
WELCORP,Welspun Corp Limited,Unknown
WELENT,Welspun Enterprises Limited,Unknown
WELSPLSOL,Welspun Specialty Solutions Limited,Unknown
WELSPUNLIV,Welspun Living Limited,Unknown
WENDT,Wendt (India) Limited,Unknown
WESTLIFE,WESTLIFE FOODWORLD LIMITED,Unknown
WEWORK,WeWork India Management Limited,Unknown
WHEELS,Wheels India Limited,Unknown
WHIRLPOOL,Whirlpool of India Limited,Unknown
WILLAMAGOR,Williamson Magor & Company Limited,Unknown
WINDLAS,Windlas Biotech Limited,Unknown
WINDMACHIN,Windsor Machines Limited,Unknown
WIPL,The Western India Plywoods Limited,Unknown
WIPRO,Wipro Limited,Unknown
WOCKPHARMA,Wockhardt Limited,Unknown
WONDERLA,Wonderla Holidays Limited,Unknown
WORTHPERI,Worth Peripherals Limited,Unknown
WPIL,WPIL Limited,Unknown
WSI,W S Industries (I) Limited,Unknown
WSTCSTPAPR,West Coast Paper Mills Limited,Unknown
XCHANGING,Xchanging Solutions Limited,Unknown
XELPMOC,Xelpmoc Design And Tech Limited,Unknown
XPROINDIA,Xpro India Limited,Unknown
XTGLOBAL,Xtglobal Infotech Limited,Unknown
YASHO,Yasho Industries Limited,Unknown
YATHARTH,Yatharth Hospital & Trauma Care Services Limited,Unknown
YATRA,Yatra Online Limited,Unknown
YESBANK,Yes Bank Limited,Unknown
YUKEN,Yuken India Limited,Unknown
ZAGGLE,Zaggle Prepaid Ocean Services Limited,Unknown
ZEEL,Zee Entertainment Enterprises Limited,Unknown
ZEEMEDIA,Zee Media Corporation Limited,Unknown
ZENITHEXPO,Zenith Exports Limited,Unknown
ZENITHSTL,Zenith Steel Pipes & Industries Limited,Unknown
ZENSARTECH,Zensar Technologies Limited,Unknown
ZENTEC,Zen Technologies Limited,Unknown
ZFCVINDIA,ZF Commercial Vehicle Control Systems India Limited,Unknown
ZFSTEERING,ZF Steering Gear (India) Limited,Unknown
ZODIACLOTH,Zodiac Clothing Company Limited,Unknown
ZOTA,Zota Health Care LImited,Unknown
ZSARACOM,Saraswati Commercial India Limited,Unknown
ZUARI,Zuari Agro Chemicals Limited,Unknown
ZUARIIND,ZUARI INDUSTRIES LIMITED,Unknown
ZYDUSLIFE,Zydus Lifesciences Limited,Unknown
ZYDUSWELL,Zydus Wellness Limited,Unknown
